"Time","cadvisor-zrs5l","prometheus-main-0","grafana-745d5965f5-vwfq9","kube-state-metrics-57969c69d7-rx485","nacosdb-mysql-0","nacosdb-mysql-1","nacosdb-mysql-2","tsdb-mysql-0","tsdb-mysql-1","tsdb-mysql-2","prometheus-main-0","prometheus-operator-fb994f4c4-9qdfg","ts-admin-basic-info-service-d8d4b4ff9-s7zth","ts-admin-order-service-787856598f-fl56n","ts-admin-route-service-5d486755c-mxt4j","ts-admin-travel-service-7d4d447494-lz7vv","ts-admin-user-service-c544d7b74-xj8pn","ts-assurance-service-569ffd759f-nzddv","ts-auth-service-5cd94cf4c9-pr4sc","ts-avatar-service-ff8977c96-z6h7t","ts-basic-service-c57455994-5rf52","ts-cancel-service-55b6778574-7zfnb","ts-config-service-55f74d8b79-mt2ln","ts-consign-price-service-764c676495-rblv4","ts-consign-service-69fdbff744-t4nnm","ts-contacts-service-69864b9cd7-j7kng","ts-delivery-service-857d89f589-nrpbf","ts-execute-service-667756b4bf-vrl4r","ts-food-delivery-service-85c449576c-7jtrf","ts-food-service-85b5445f7-69dvs","ts-gateway-service-8585c745cd-mn5vn","ts-inside-payment-service-7f87878d9f-mqp8l","ts-news-service-7665fdf4c-hlrml","ts-notification-service-66777dd945-g9l6f","ts-order-other-service-6666b4d4d-x6l64","ts-order-service-69885cc6c8-4mcjr","ts-payment-service-7fc4c49d89-7zrgj","ts-preserve-other-service-5b9bbf9cf-hjzpg","ts-preserve-service-56dfc8d6d-vnlpb","ts-price-service-55c8646c4c-hjw4b","ts-rebook-service-79586f4dbc-lh6w9","ts-route-plan-service-6594877d59-qrh8f","ts-route-service-6f5855dc47-7ht8z","ts-seat-service-54f7bb8465-rzgwd","ts-security-service-7fd5f9ff9c-k4nxj","ts-station-food-service-bbffbd779-qbpwz","ts-station-service-798774f5d-dpsf5","ts-ticket-office-service-9979b76f9-ztj64","ts-train-food-service-f544897f-jd76n","ts-train-service-c7fc88877-mm8n9","ts-travel-plan-service-57865655f6-vklhv","ts-travel-service-699599cdf5-mffdb","ts-travel2-service-5db558f8d9-4tk7g","ts-ui-dashboard-7b5d44c888-gqlfj","ts-user-service-77988d68d8-kp6gg","ts-verification-code-service-58d4c7b777-p96jk","ts-voucher-service-7545b4fb7c-v46q2","ts-wait-order-service-6f7f78bb5d-8f78g","nacosdb-mysql-0","nacosdb-mysql-1","nacosdb-mysql-2","tsdb-mysql-0","tsdb-mysql-1","tsdb-mysql-2"
2024-01-04 10:27:00,54.5%,0.0%,0.0%,0.5%,1.3%,1.2%,1.3%,1.3%,1.3%,1.3%,2.0%,0.1%,0.2%,0.2%,0.2%,0.3%,0.2%,0.3%,0.3%,0.0%,0.2%,0.3%,0.2%,,0.2%,0.2%,0.4%,0.3%,0.2%,0.2%,0.3%,0.4%,0.0%,0.4%,0.2%,0.3%,0.3%,0.2%,0.2%,0.4%,0.3%,0.4%,0.3%,0.2%,0.3%,0.3%,0.3%,0.0%,0.2%,0.3%,0.2%,0.3%,0.4%,0.0%,0.4%,0.2%,0.0%,0.4%,4.5%,3.9%,4.0%,4.8%,4.0%,3.9%
2024-01-04 10:27:05,53.5%,0.0%,0.0%,0.5%,1.2%,1.0%,1.2%,1.2%,1.2%,1.1%,2.0%,0.1%,0.2%,0.2%,0.2%,0.2%,0.2%,0.3%,0.3%,0.0%,0.2%,0.3%,0.2%,,0.2%,0.2%,0.4%,0.3%,0.2%,0.2%,0.2%,0.3%,0.0%,0.4%,0.2%,0.3%,0.3%,0.2%,0.2%,0.4%,0.3%,0.4%,0.3%,0.2%,0.3%,0.3%,0.3%,0.0%,0.2%,0.3%,0.2%,0.3%,0.3%,0.0%,0.4%,0.2%,0.0%,0.4%,4.1%,3.6%,3.5%,4.6%,3.5%,3.4%
2024-01-04 10:27:10,54.2%,0.0%,0.0%,0.6%,1.3%,1.2%,1.3%,1.3%,1.3%,1.2%,2.1%,0.1%,0.2%,0.2%,0.2%,0.2%,0.2%,0.3%,0.3%,0.0%,0.2%,0.3%,0.2%,,0.2%,0.2%,0.4%,0.2%,0.2%,0.2%,0.2%,0.4%,0.0%,0.4%,0.2%,0.3%,0.3%,0.3%,0.2%,0.4%,0.2%,0.4%,0.3%,0.2%,0.3%,0.3%,0.3%,0.0%,0.2%,0.3%,0.2%,0.3%,0.3%,0.0%,0.4%,0.2%,0.0%,0.4%,4.6%,4.0%,4.0%,4.8%,3.9%,3.8%
2024-01-04 10:27:15,52.8%,0.0%,0.0%,0.6%,1.2%,1.1%,1.2%,1.2%,1.3%,1.2%,2.0%,0.2%,0.2%,0.2%,0.2%,0.2%,0.2%,0.2%,0.3%,0.0%,0.2%,0.3%,0.2%,,0.2%,0.2%,0.3%,0.2%,0.2%,0.2%,0.2%,0.4%,0.0%,0.4%,0.2%,0.3%,0.3%,0.3%,0.2%,0.4%,0.2%,0.4%,0.2%,0.2%,0.3%,0.3%,0.2%,0.0%,0.2%,0.3%,0.2%,0.2%,0.2%,0.0%,0.4%,0.2%,0.0%,0.4%,4.2%,3.4%,3.5%,4.4%,3.5%,3.4%
2024-01-04 10:27:20,53.6%,0.0%,0.0%,0.6%,1.3%,1.2%,1.3%,1.3%,1.3%,1.3%,2.1%,0.2%,0.2%,0.2%,0.2%,0.2%,0.2%,0.2%,0.3%,0.0%,0.2%,0.3%,0.2%,,0.2%,0.2%,0.3%,0.2%,0.2%,0.2%,0.2%,0.4%,0.0%,0.3%,0.2%,0.3%,0.3%,0.3%,0.2%,0.4%,0.2%,0.4%,0.2%,0.2%,0.3%,0.3%,0.2%,0.0%,0.2%,0.2%,0.2%,0.2%,0.2%,0.0%,0.3%,0.2%,0.0%,0.4%,4.3%,3.8%,4.0%,4.7%,4.0%,3.8%
2024-01-04 10:27:25,49.8%,0.0%,0.0%,0.5%,1.2%,1.1%,1.2%,1.2%,1.3%,1.1%,2.0%,0.2%,0.3%,0.2%,0.2%,0.2%,0.2%,0.2%,0.3%,0.0%,0.2%,0.3%,0.2%,,0.2%,0.2%,0.3%,0.2%,0.2%,0.2%,0.2%,0.2%,0.0%,0.3%,0.2%,0.3%,0.3%,0.3%,0.2%,0.3%,0.2%,0.4%,0.2%,0.2%,0.3%,0.2%,0.2%,0.0%,0.2%,0.2%,0.2%,0.2%,0.2%,0.0%,0.3%,0.2%,0.0%,0.4%,3.9%,3.3%,3.6%,4.6%,3.7%,3.4%
2024-01-04 10:27:30,53.5%,0.0%,0.4%,0.6%,1.3%,1.2%,1.3%,1.3%,1.4%,1.2%,2.4%,0.2%,0.3%,0.2%,0.2%,0.2%,0.2%,0.2%,0.3%,0.0%,0.2%,0.3%,0.2%,,0.2%,0.2%,0.3%,0.2%,0.2%,0.2%,0.2%,0.2%,0.0%,0.3%,0.2%,0.3%,0.2%,0.3%,0.2%,0.3%,0.2%,0.4%,0.2%,0.2%,0.3%,0.2%,0.2%,0.0%,0.2%,0.2%,0.2%,0.2%,0.2%,0.0%,0.3%,0.2%,0.0%,0.4%,4.4%,3.7%,4.2%,5.0%,3.9%,3.9%
2024-01-04 10:27:35,52.6%,0.0%,0.4%,0.6%,1.2%,1.1%,1.2%,1.2%,1.3%,1.1%,2.3%,0.1%,0.3%,0.2%,0.2%,0.2%,0.2%,0.2%,0.2%,0.0%,0.2%,0.3%,0.2%,,0.2%,0.2%,0.3%,0.2%,0.2%,0.2%,0.2%,0.2%,0.0%,0.3%,0.2%,0.2%,0.2%,0.3%,0.2%,0.3%,0.2%,0.4%,0.2%,0.2%,0.2%,0.2%,0.2%,0.0%,0.2%,0.2%,0.2%,0.2%,0.2%,0.0%,0.2%,0.2%,0.0%,0.4%,4.1%,3.3%,3.8%,4.7%,3.4%,3.5%
2024-01-04 10:27:40,53.1%,0.0%,0.5%,0.6%,1.3%,1.2%,1.3%,1.3%,1.4%,1.2%,3.1%,0.1%,0.3%,0.2%,0.2%,0.2%,0.2%,0.2%,0.3%,0.0%,0.2%,0.3%,0.2%,,0.2%,0.2%,0.3%,0.2%,0.2%,0.2%,0.2%,0.3%,0.0%,0.3%,0.3%,0.2%,0.2%,0.3%,0.2%,0.3%,0.2%,0.3%,0.2%,0.2%,0.2%,0.2%,0.2%,0.0%,0.2%,0.2%,0.2%,0.3%,0.2%,0.0%,0.2%,0.2%,0.0%,0.3%,4.5%,3.8%,4.3%,5.0%,3.9%,3.8%
2024-01-04 10:27:45,52.8%,0.0%,0.5%,0.6%,1.2%,1.1%,1.2%,1.2%,1.3%,1.2%,3.0%,0.1%,0.3%,0.2%,0.3%,0.2%,0.2%,0.2%,0.2%,0.0%,0.2%,0.3%,0.2%,,0.2%,0.3%,0.3%,0.2%,0.2%,0.2%,0.3%,0.3%,0.0%,0.3%,0.3%,0.2%,0.2%,0.3%,0.2%,0.3%,0.2%,0.3%,0.2%,0.2%,0.2%,0.2%,0.2%,0.0%,0.2%,0.2%,0.2%,0.3%,0.2%,0.0%,0.2%,0.2%,0.0%,0.3%,4.1%,3.5%,3.7%,4.4%,3.5%,3.3%
2024-01-04 10:27:50,53.4%,0.0%,0.5%,0.6%,1.3%,1.2%,1.3%,1.3%,1.4%,1.3%,3.0%,0.1%,0.3%,0.2%,0.3%,0.2%,0.3%,0.2%,0.3%,0.0%,0.3%,0.3%,0.2%,,0.2%,0.3%,0.3%,0.2%,0.2%,0.2%,0.3%,0.4%,0.0%,0.3%,0.3%,0.2%,0.2%,0.3%,0.2%,0.3%,0.2%,0.3%,0.2%,0.2%,0.2%,0.2%,0.2%,0.0%,0.2%,0.2%,0.2%,0.3%,0.2%,0.0%,0.2%,0.2%,0.0%,0.2%,4.5%,3.9%,4.1%,4.8%,4.0%,3.7%
2024-01-04 10:27:55,53.1%,0.0%,0.5%,0.5%,1.2%,1.1%,1.2%,1.2%,1.3%,1.2%,3.0%,0.2%,0.3%,0.2%,0.3%,0.2%,0.3%,0.2%,0.2%,0.0%,0.3%,0.3%,0.2%,,0.2%,0.3%,0.3%,0.2%,0.2%,0.2%,0.3%,0.4%,0.0%,0.3%,0.3%,0.2%,0.2%,0.3%,0.2%,0.3%,0.2%,0.3%,0.2%,0.2%,0.2%,0.2%,0.2%,0.0%,0.2%,0.2%,0.2%,0.3%,0.2%,0.0%,0.2%,0.2%,0.0%,0.2%,4.0%,3.5%,3.8%,4.5%,3.5%,3.3%
2024-01-04 10:28:00,53.8%,0.0%,0.5%,0.5%,1.3%,1.2%,1.3%,1.3%,1.4%,1.3%,3.0%,0.2%,0.3%,0.2%,0.3%,0.2%,0.3%,0.2%,0.2%,0.0%,0.3%,0.3%,0.2%,,0.2%,0.3%,0.3%,0.2%,0.3%,0.2%,0.3%,0.4%,0.0%,0.3%,0.3%,0.2%,0.2%,0.3%,0.2%,0.3%,0.2%,0.3%,0.2%,0.2%,0.2%,0.2%,0.2%,0.0%,0.2%,0.2%,0.3%,0.3%,0.2%,0.0%,0.2%,0.2%,0.0%,0.3%,4.3%,3.9%,4.1%,4.8%,4.0%,3.7%
2024-01-04 10:28:05,53.5%,0.0%,0.5%,0.5%,1.2%,1.2%,1.2%,1.2%,1.2%,1.2%,3.1%,0.1%,0.3%,0.3%,0.3%,0.2%,0.3%,0.2%,0.2%,0.0%,0.3%,0.3%,0.2%,,0.2%,0.3%,0.3%,0.2%,0.3%,0.2%,0.3%,0.4%,0.0%,0.3%,0.3%,0.2%,0.2%,0.3%,0.2%,0.3%,0.2%,0.3%,0.2%,0.2%,0.2%,0.2%,0.2%,0.0%,0.2%,0.2%,0.3%,0.3%,0.2%,0.0%,0.2%,0.2%,0.0%,0.3%,3.9%,3.4%,3.7%,4.6%,3.8%,3.5%
2024-01-04 10:28:10,54.4%,0.0%,0.7%,0.5%,1.3%,1.2%,1.3%,1.3%,1.3%,1.3%,3.2%,0.1%,0.2%,0.3%,0.3%,0.3%,0.3%,0.2%,0.2%,0.0%,0.3%,0.3%,0.2%,,0.2%,0.3%,0.3%,0.2%,0.3%,0.2%,0.2%,0.4%,0.0%,0.3%,0.3%,0.2%,0.2%,0.3%,0.2%,0.3%,0.2%,0.3%,0.2%,0.2%,0.2%,0.2%,0.2%,0.0%,0.2%,0.2%,0.3%,0.3%,0.2%,0.0%,0.2%,0.2%,0.0%,0.3%,4.5%,3.9%,4.3%,4.9%,4.3%,3.9%
2024-01-04 10:28:15,54.2%,0.0%,0.8%,0.5%,1.2%,1.2%,1.2%,1.2%,1.2%,1.2%,3.2%,0.1%,0.2%,0.3%,0.3%,0.3%,0.3%,0.2%,0.2%,0.0%,0.3%,0.3%,0.3%,,0.2%,0.3%,0.3%,0.2%,0.3%,0.2%,0.3%,0.4%,0.0%,0.3%,0.3%,0.3%,0.2%,0.3%,0.2%,0.3%,0.2%,0.3%,0.2%,0.2%,0.2%,0.3%,0.2%,0.0%,0.2%,0.2%,0.3%,0.3%,0.3%,0.0%,0.2%,0.2%,0.0%,0.3%,4.1%,3.4%,3.8%,4.6%,3.6%,3.5%
2024-01-04 10:28:20,54.5%,0.0%,0.8%,0.5%,1.3%,1.3%,1.3%,1.3%,1.3%,1.3%,3.2%,0.1%,0.2%,0.3%,0.3%,0.3%,0.3%,0.2%,0.2%,0.0%,0.3%,0.3%,0.3%,,0.2%,0.3%,0.3%,0.2%,0.3%,0.2%,0.3%,0.4%,0.0%,0.3%,0.3%,0.3%,0.2%,0.3%,0.2%,0.3%,0.2%,0.3%,0.3%,0.2%,0.2%,0.3%,0.2%,0.0%,0.2%,0.3%,0.3%,0.3%,0.3%,0.0%,0.2%,0.2%,0.0%,0.3%,4.6%,3.8%,4.2%,4.7%,4.1%,3.8%
2024-01-04 10:28:25,53.9%,0.0%,0.4%,0.5%,1.3%,1.2%,1.2%,1.2%,1.2%,1.2%,2.9%,0.1%,0.2%,0.3%,0.3%,0.3%,0.3%,0.2%,0.3%,0.0%,0.3%,0.3%,0.3%,16.9%,0.3%,0.3%,0.3%,0.2%,0.3%,0.3%,0.3%,0.4%,0.0%,0.3%,0.3%,0.3%,0.3%,0.3%,0.2%,0.3%,0.2%,0.3%,0.3%,0.2%,0.2%,0.3%,0.2%,0.0%,0.2%,0.3%,0.3%,0.3%,0.3%,0.0%,0.2%,0.2%,0.0%,0.3%,4.2%,3.5%,3.6%,4.3%,3.6%,3.3%
2024-01-04 10:28:30,55.0%,0.0%,0.4%,0.5%,1.4%,1.3%,1.3%,1.3%,1.3%,1.2%,2.8%,0.1%,0.2%,0.3%,0.3%,0.3%,0.3%,0.2%,0.3%,0.0%,0.3%,0.3%,0.3%,25.3%,0.3%,0.3%,0.4%,0.2%,0.3%,0.3%,0.3%,0.4%,0.0%,0.3%,0.3%,0.3%,0.3%,0.3%,0.2%,0.3%,0.2%,0.3%,0.3%,0.2%,0.2%,0.3%,0.2%,0.0%,0.2%,0.3%,0.3%,0.3%,0.3%,0.0%,0.2%,0.2%,0.0%,0.3%,4.5%,3.8%,4.0%,4.6%,4.1%,3.9%
2024-01-04 10:28:35,54.9%,0.0%,0.3%,0.5%,1.3%,1.2%,1.2%,1.2%,1.2%,1.1%,2.1%,0.1%,0.2%,0.3%,0.3%,0.3%,0.3%,0.2%,0.3%,0.0%,0.3%,0.2%,0.3%,33.5%,0.3%,0.3%,0.4%,0.2%,0.3%,0.3%,0.2%,0.3%,0.0%,0.3%,0.2%,0.3%,0.3%,0.3%,0.2%,0.3%,0.2%,0.2%,0.3%,0.2%,0.2%,0.3%,0.2%,0.0%,0.3%,0.3%,0.3%,0.2%,0.3%,0.0%,0.2%,0.2%,0.0%,0.3%,4.1%,3.6%,3.5%,4.2%,3.6%,3.5%
2024-01-04 10:28:40,55.5%,0.0%,0.3%,0.5%,1.4%,1.3%,1.3%,1.3%,1.3%,1.2%,2.1%,0.1%,0.2%,0.3%,0.2%,0.3%,0.3%,0.2%,0.3%,0.0%,0.3%,0.2%,0.3%,41.8%,0.3%,0.2%,0.4%,0.2%,0.3%,0.3%,0.2%,0.3%,0.0%,0.3%,0.3%,0.3%,0.3%,0.2%,0.3%,0.3%,0.2%,0.2%,0.3%,0.2%,0.2%,0.3%,0.2%,0.0%,0.3%,0.2%,0.3%,0.2%,0.3%,0.0%,0.2%,0.2%,0.0%,0.3%,4.6%,4.0%,4.0%,4.8%,4.2%,3.9%
2024-01-04 10:28:45,54.8%,0.0%,0.3%,0.5%,1.3%,1.2%,1.2%,1.2%,1.2%,1.1%,2.1%,0.1%,0.2%,0.3%,0.2%,0.3%,0.2%,0.2%,0.3%,0.0%,0.3%,0.2%,0.3%,50.3%,0.3%,0.3%,0.4%,0.2%,0.3%,0.3%,0.3%,0.2%,0.0%,0.3%,0.3%,0.3%,0.3%,0.2%,0.3%,0.3%,0.2%,0.2%,0.3%,0.2%,0.2%,0.3%,0.2%,0.0%,0.3%,0.2%,0.3%,0.2%,0.3%,0.0%,0.2%,0.2%,0.0%,0.3%,4.3%,3.6%,3.5%,4.5%,3.7%,3.7%
2024-01-04 10:28:50,55.7%,0.0%,0.3%,0.5%,1.4%,1.3%,1.3%,1.3%,1.3%,1.2%,2.2%,0.1%,0.2%,0.3%,0.2%,0.3%,0.2%,0.3%,0.3%,0.0%,0.2%,0.2%,0.3%,58.6%,0.3%,0.3%,0.4%,0.2%,0.3%,0.3%,0.3%,0.2%,0.0%,0.3%,0.3%,0.3%,0.3%,0.2%,0.3%,0.3%,0.2%,0.2%,0.3%,0.2%,0.2%,0.3%,0.2%,0.0%,0.3%,0.3%,0.3%,0.2%,0.2%,0.0%,0.2%,0.2%,0.0%,0.3%,4.9%,4.1%,3.8%,4.8%,4.1%,4.1%
2024-01-04 10:28:55,56.0%,0.0%,0.3%,0.5%,1.3%,1.2%,1.2%,1.2%,1.2%,1.1%,2.2%,0.1%,0.2%,0.3%,0.2%,0.3%,0.2%,0.2%,0.3%,0.0%,0.2%,0.2%,0.3%,66.9%,0.3%,0.3%,0.4%,0.2%,0.2%,0.3%,0.3%,0.2%,0.0%,0.3%,0.3%,0.3%,0.3%,0.2%,0.3%,0.3%,0.2%,0.2%,0.3%,0.2%,0.2%,0.3%,0.2%,0.0%,0.3%,0.3%,0.2%,0.2%,0.2%,0.0%,0.2%,0.2%,0.0%,0.2%,4.5%,3.6%,3.6%,4.4%,3.7%,3.6%
2024-01-04 10:29:00,55.9%,0.0%,0.3%,0.5%,1.4%,1.3%,1.3%,3.2%,1.3%,1.2%,2.1%,0.1%,0.2%,0.2%,0.2%,0.3%,0.2%,0.3%,0.3%,0.0%,0.2%,0.2%,0.3%,75.2%,0.3%,0.3%,0.4%,0.2%,0.2%,0.3%,0.3%,0.2%,0.0%,0.3%,0.3%,0.3%,0.3%,0.2%,0.3%,0.3%,0.2%,0.2%,0.3%,0.2%,0.2%,0.3%,0.2%,0.0%,0.3%,0.3%,0.2%,0.2%,0.3%,0.0%,0.2%,0.2%,0.0%,0.2%,4.8%,4.1%,3.9%,4.6%,4.0%,4.0%
2024-01-04 10:29:05,55.9%,0.0%,0.2%,0.5%,1.3%,1.2%,1.2%,3.2%,1.2%,1.1%,2.0%,0.1%,0.2%,0.2%,0.2%,0.2%,0.2%,0.2%,0.3%,0.0%,0.2%,0.2%,0.3%,83.5%,0.3%,0.3%,0.4%,0.2%,0.2%,0.3%,0.3%,0.2%,0.0%,0.3%,0.3%,0.3%,0.3%,0.2%,0.3%,0.3%,0.2%,0.2%,0.3%,0.2%,0.2%,0.3%,0.2%,0.0%,0.3%,0.2%,0.2%,0.2%,0.3%,0.0%,0.2%,0.2%,0.0%,0.2%,4.2%,3.6%,3.4%,4.3%,3.5%,3.5%
2024-01-04 10:29:10,55.9%,0.0%,0.0%,0.6%,1.4%,1.3%,1.4%,3.3%,1.3%,1.2%,2.0%,0.1%,0.2%,0.2%,0.2%,0.2%,0.2%,0.3%,0.3%,0.0%,0.2%,0.2%,0.2%,91.9%,0.3%,0.3%,0.4%,0.2%,0.2%,0.3%,0.3%,0.2%,0.0%,0.3%,0.3%,0.2%,0.3%,0.2%,0.3%,0.3%,0.2%,0.2%,0.3%,0.2%,0.2%,0.3%,0.2%,0.0%,0.3%,0.2%,0.2%,0.2%,0.2%,0.0%,0.2%,0.2%,0.0%,0.2%,4.7%,4.2%,3.9%,4.6%,4.1%,4.0%
2024-01-04 10:29:15,56.9%,0.0%,0.0%,0.6%,1.3%,1.2%,1.2%,3.2%,1.2%,1.2%,2.0%,0.1%,0.2%,0.2%,0.3%,0.2%,0.2%,0.2%,0.3%,0.0%,0.2%,0.2%,0.2%,99.0%,0.3%,0.3%,0.3%,0.2%,0.2%,0.3%,0.3%,0.2%,0.0%,0.4%,0.3%,0.2%,0.3%,0.2%,0.2%,0.3%,0.2%,0.2%,0.2%,0.2%,0.2%,0.3%,0.2%,0.0%,0.3%,0.2%,0.2%,0.2%,0.2%,0.0%,0.2%,0.2%,0.0%,0.2%,4.2%,3.7%,3.5%,4.3%,3.7%,3.7%
2024-01-04 10:29:20,56.4%,0.0%,0.0%,0.5%,1.4%,1.3%,1.4%,3.3%,1.3%,1.2%,2.0%,0.1%,0.2%,0.2%,0.3%,0.2%,0.2%,0.3%,0.2%,0.0%,0.2%,0.2%,0.2%,99.8%,0.3%,0.3%,0.3%,0.2%,0.2%,0.2%,0.3%,0.2%,0.0%,0.4%,0.3%,0.2%,0.2%,0.2%,0.2%,0.3%,0.2%,0.2%,0.2%,0.2%,0.2%,0.3%,0.2%,0.0%,0.3%,0.2%,0.2%,0.2%,0.2%,0.0%,0.2%,0.2%,0.0%,0.2%,4.8%,4.2%,3.9%,4.8%,4.3%,4.1%
2024-01-04 10:29:25,56.9%,0.0%,0.0%,0.6%,1.3%,1.2%,1.3%,3.2%,1.2%,1.1%,2.0%,0.2%,0.2%,0.2%,0.3%,0.2%,0.2%,0.3%,0.2%,0.0%,0.2%,0.2%,0.2%,99.9%,0.2%,0.3%,0.3%,0.2%,0.2%,0.2%,0.3%,0.2%,0.0%,0.4%,0.3%,0.2%,0.2%,0.2%,0.2%,0.3%,0.2%,0.2%,0.2%,0.2%,0.2%,0.2%,0.2%,0.0%,0.3%,0.2%,0.3%,0.2%,0.2%,0.0%,0.2%,0.2%,0.0%,0.2%,4.3%,3.7%,3.5%,4.5%,3.7%,3.5%
2024-01-04 10:29:30,55.5%,0.0%,0.0%,0.6%,1.4%,1.3%,1.4%,3.3%,1.3%,1.2%,2.0%,0.2%,0.2%,0.2%,0.3%,0.2%,0.2%,0.3%,0.2%,0.0%,0.2%,0.2%,0.2%,,0.2%,0.3%,0.3%,0.2%,0.2%,0.2%,0.3%,0.2%,0.0%,0.4%,0.3%,0.2%,0.2%,0.2%,0.2%,0.3%,0.2%,0.2%,0.2%,0.2%,0.2%,0.2%,0.2%,0.0%,0.2%,0.2%,0.3%,0.2%,0.2%,0.0%,0.2%,0.2%,0.0%,0.2%,4.8%,4.0%,4.1%,5.0%,4.2%,4.0%
2024-01-04 10:29:35,55.5%,0.0%,0.0%,0.6%,1.2%,1.2%,1.3%,3.2%,1.2%,1.1%,2.0%,0.2%,0.2%,0.2%,0.3%,0.2%,0.2%,0.3%,0.2%,0.0%,0.2%,0.2%,0.2%,,0.2%,0.3%,0.3%,0.2%,0.2%,0.2%,0.2%,0.2%,0.0%,0.4%,0.2%,0.2%,0.2%,0.2%,0.2%,0.3%,0.2%,0.2%,0.2%,0.2%,0.2%,0.2%,0.2%,0.0%,0.2%,0.2%,0.3%,0.2%,0.2%,0.0%,0.2%,0.2%,0.0%,0.2%,4.5%,3.6%,3.7%,4.3%,3.6%,3.9%
2024-01-04 10:29:40,55.8%,0.0%,0.0%,0.6%,1.3%,1.3%,1.4%,3.3%,1.3%,1.2%,2.1%,0.2%,0.2%,0.2%,0.3%,0.2%,0.2%,0.2%,0.2%,0.0%,0.2%,0.2%,0.2%,,0.2%,0.2%,0.3%,0.2%,0.2%,0.2%,0.2%,0.2%,0.0%,0.4%,0.2%,0.2%,0.2%,0.2%,0.2%,0.3%,0.2%,0.2%,0.2%,0.2%,0.2%,0.2%,0.2%,0.0%,0.2%,0.2%,0.3%,0.2%,0.2%,0.0%,0.2%,0.2%,0.0%,0.2%,4.6%,4.0%,4.1%,4.6%,4.1%,4.0%
2024-01-04 10:29:45,55.2%,0.0%,0.0%,0.6%,1.2%,1.2%,1.3%,3.2%,1.2%,1.1%,2.0%,0.2%,0.2%,0.2%,0.3%,0.2%,0.2%,0.2%,0.2%,0.0%,0.2%,0.2%,0.2%,,0.2%,0.2%,0.3%,0.2%,0.2%,0.2%,0.2%,0.2%,0.0%,0.4%,0.2%,0.2%,0.2%,0.2%,0.2%,0.2%,0.2%,0.2%,0.2%,0.2%,0.2%,0.2%,0.2%,0.0%,0.2%,0.2%,0.2%,0.2%,0.2%,0.0%,0.2%,0.2%,0.0%,0.2%,4.0%,3.5%,3.7%,4.3%,3.6%,3.5%
2024-01-04 10:29:50,54.4%,0.0%,0.0%,0.6%,1.3%,1.3%,1.4%,3.3%,1.3%,1.3%,2.1%,0.2%,0.2%,0.2%,0.3%,0.2%,0.2%,0.2%,0.2%,0.0%,0.2%,0.2%,0.2%,,0.2%,0.2%,0.3%,0.2%,0.2%,0.2%,0.2%,0.2%,0.0%,0.4%,0.2%,0.2%,0.2%,0.2%,0.2%,0.3%,0.2%,0.2%,0.2%,0.2%,0.2%,0.2%,0.2%,0.0%,0.2%,0.2%,0.2%,0.2%,0.2%,0.0%,0.2%,0.2%,0.0%,0.2%,4.5%,3.9%,4.0%,4.9%,4.1%,3.9%
2024-01-04 10:29:55,54.6%,0.0%,0.0%,0.5%,1.2%,1.2%,1.3%,1.2%,1.2%,1.2%,2.1%,0.2%,0.2%,0.2%,0.3%,0.2%,0.2%,0.2%,0.2%,0.0%,0.2%,0.2%,0.2%,,0.2%,0.2%,0.3%,0.2%,0.2%,0.2%,0.2%,0.2%,0.0%,0.5%,0.2%,0.2%,0.2%,0.2%,0.2%,0.3%,0.2%,0.2%,0.2%,0.2%,0.2%,0.2%,0.2%,0.0%,0.2%,0.2%,0.2%,0.2%,0.2%,0.0%,0.2%,0.2%,0.0%,0.2%,4.3%,3.7%,3.8%,4.5%,3.9%,3.5%
2024-01-04 10:30:00,53.8%,0.0%,0.0%,0.5%,1.3%,1.3%,1.4%,1.2%,1.2%,1.3%,2.1%,0.2%,0.2%,0.2%,0.3%,0.2%,0.2%,0.2%,0.2%,0.0%,0.2%,0.2%,0.2%,,0.2%,0.2%,0.3%,0.2%,0.2%,0.2%,0.2%,0.2%,0.0%,0.4%,0.2%,0.2%,0.2%,0.2%,0.2%,0.3%,0.2%,0.2%,0.2%,0.2%,0.2%,0.2%,0.2%,0.0%,0.2%,0.2%,0.2%,0.2%,0.2%,0.0%,0.2%,0.2%,0.0%,0.2%,4.7%,4.2%,4.1%,4.8%,4.3%,4.1%
2024-01-04 10:30:05,54.0%,0.0%,0.0%,0.5%,1.2%,1.2%,1.3%,1.1%,1.2%,1.2%,2.1%,0.2%,0.2%,0.2%,0.3%,0.2%,0.2%,0.2%,0.2%,0.0%,0.2%,0.2%,0.2%,,0.2%,0.2%,0.3%,0.2%,0.2%,0.2%,0.2%,0.2%,0.0%,0.4%,0.2%,0.2%,0.2%,0.2%,0.2%,0.3%,0.2%,0.2%,0.2%,0.2%,0.2%,0.2%,0.2%,0.0%,0.2%,0.2%,0.2%,0.2%,0.2%,0.0%,0.2%,0.2%,0.0%,0.2%,4.3%,3.5%,3.6%,4.4%,3.7%,3.7%
2024-01-04 10:30:10,54.1%,0.0%,0.0%,0.5%,1.3%,1.3%,1.4%,1.2%,1.3%,1.3%,2.1%,0.1%,0.2%,0.2%,0.2%,0.2%,0.2%,0.2%,0.2%,0.0%,0.2%,0.2%,0.2%,,0.2%,0.3%,0.3%,0.2%,0.2%,0.2%,0.2%,0.2%,0.0%,0.4%,0.2%,0.2%,0.2%,0.2%,0.2%,0.2%,0.2%,0.2%,0.2%,0.2%,0.2%,0.2%,0.2%,0.0%,0.2%,0.2%,0.2%,0.2%,0.2%,0.0%,0.2%,0.2%,0.0%,0.2%,4.7%,4.1%,4.3%,4.8%,4.1%,4.1%
2024-01-04 10:30:15,54.8%,0.0%,0.0%,0.6%,1.2%,1.2%,1.2%,1.1%,1.2%,1.2%,2.1%,0.1%,0.2%,0.2%,0.2%,0.2%,0.2%,0.2%,0.2%,0.0%,0.2%,0.2%,0.2%,,0.2%,0.3%,0.3%,0.2%,0.2%,0.2%,0.3%,0.2%,0.0%,0.4%,0.2%,0.2%,0.2%,0.2%,0.2%,0.2%,0.2%,0.2%,0.2%,0.2%,0.2%,0.2%,0.2%,0.0%,0.2%,0.2%,0.2%,0.2%,0.2%,0.0%,0.2%,0.2%,0.0%,0.2%,4.1%,3.7%,4.2%,4.3%,3.6%,3.7%
2024-01-04 10:30:20,53.0%,0.0%,0.0%,0.5%,1.3%,1.3%,1.3%,1.2%,1.3%,1.3%,2.1%,0.1%,0.2%,0.2%,0.2%,0.2%,0.2%,0.2%,0.2%,0.0%,0.2%,0.2%,0.2%,,0.2%,0.3%,0.3%,0.2%,0.2%,0.2%,0.3%,0.2%,0.0%,0.4%,0.2%,0.2%,0.2%,0.2%,0.2%,0.2%,0.2%,0.2%,0.2%,0.2%,0.2%,0.2%,0.2%,0.0%,0.2%,0.2%,0.2%,0.2%,0.2%,0.0%,0.2%,0.2%,0.0%,0.2%,4.5%,4.1%,4.4%,4.7%,4.1%,4.1%
2024-01-04 10:30:25,54.1%,0.0%,0.0%,0.5%,1.2%,1.2%,1.2%,1.1%,1.2%,1.2%,2.1%,0.1%,0.2%,0.2%,0.2%,0.2%,0.2%,0.2%,0.2%,0.0%,0.2%,0.2%,0.2%,,0.2%,0.3%,0.3%,0.2%,0.2%,0.2%,0.3%,0.2%,0.0%,0.4%,0.2%,0.2%,0.2%,0.2%,0.2%,0.2%,0.2%,0.2%,0.2%,0.2%,0.2%,0.2%,0.2%,0.0%,0.2%,0.2%,0.2%,0.2%,0.2%,0.0%,0.2%,0.2%,0.0%,0.2%,4.0%,3.6%,3.8%,4.2%,3.6%,3.6%
2024-01-04 10:30:30,55.1%,0.0%,0.0%,0.5%,1.3%,1.3%,1.3%,1.2%,1.3%,1.3%,2.1%,0.1%,0.2%,0.2%,0.2%,0.2%,0.2%,0.2%,0.2%,0.0%,0.2%,0.2%,0.2%,,0.2%,0.3%,0.3%,0.2%,0.2%,0.2%,0.3%,0.2%,0.0%,0.4%,0.2%,0.2%,0.2%,0.2%,0.2%,0.2%,0.2%,0.2%,0.2%,0.2%,0.2%,0.2%,0.2%,0.0%,0.2%,0.2%,0.2%,0.2%,0.2%,0.0%,0.2%,0.2%,0.0%,0.2%,4.6%,4.2%,4.0%,4.8%,4.2%,4.0%
2024-01-04 10:30:35,54.2%,0.0%,0.0%,0.5%,1.2%,1.2%,1.2%,1.1%,1.2%,1.2%,2.0%,0.1%,0.2%,0.2%,0.2%,0.2%,0.2%,0.2%,0.2%,0.0%,0.2%,0.2%,0.2%,,0.2%,0.3%,0.3%,0.2%,0.2%,0.2%,0.3%,0.2%,0.0%,0.4%,0.2%,0.2%,0.2%,0.2%,0.2%,0.2%,0.2%,0.2%,0.2%,0.2%,0.2%,0.2%,0.2%,0.0%,0.2%,0.2%,0.2%,0.2%,0.2%,0.0%,0.2%,0.2%,0.0%,0.2%,4.2%,3.8%,3.6%,4.5%,3.7%,3.6%
2024-01-04 10:30:40,55.0%,0.0%,0.0%,0.5%,1.3%,1.3%,1.3%,1.2%,1.3%,1.3%,2.0%,0.1%,0.2%,0.2%,0.2%,0.2%,0.2%,0.2%,0.2%,0.0%,0.2%,0.2%,0.2%,,0.2%,0.3%,0.3%,0.2%,0.2%,0.2%,0.2%,0.2%,0.0%,0.4%,0.2%,0.2%,0.2%,0.2%,0.2%,0.2%,0.2%,0.2%,0.2%,0.2%,0.2%,0.2%,0.2%,0.0%,0.2%,0.2%,0.2%,0.2%,0.2%,0.0%,0.2%,0.2%,0.0%,0.2%,4.7%,4.2%,4.4%,4.8%,4.3%,4.2%
2024-01-04 10:30:45,54.8%,0.0%,0.0%,0.5%,1.2%,1.2%,1.2%,1.1%,1.2%,1.2%,2.0%,0.1%,0.2%,0.2%,0.2%,0.2%,0.2%,0.2%,0.2%,0.0%,0.2%,0.2%,0.2%,,0.2%,0.3%,0.3%,0.2%,0.2%,0.2%,0.3%,0.2%,0.0%,0.2%,0.2%,0.2%,0.2%,0.2%,0.2%,0.2%,0.2%,0.2%,0.2%,0.2%,0.2%,0.2%,0.2%,0.0%,0.2%,0.2%,0.2%,0.2%,0.2%,0.0%,0.2%,0.2%,0.0%,0.2%,4.2%,3.7%,3.8%,4.2%,3.8%,3.7%
2024-01-04 10:30:50,53.8%,0.0%,0.0%,0.5%,1.3%,1.3%,1.3%,1.2%,1.3%,1.3%,1.9%,0.1%,0.2%,0.2%,0.2%,0.2%,0.2%,0.2%,0.2%,0.0%,0.2%,0.2%,0.2%,,0.2%,0.3%,0.3%,0.2%,0.2%,0.2%,0.3%,0.2%,0.0%,0.3%,0.2%,0.2%,0.2%,0.2%,0.2%,0.2%,0.2%,0.2%,0.2%,0.2%,0.2%,0.2%,0.2%,0.0%,0.2%,0.2%,0.2%,0.2%,0.2%,0.0%,0.2%,0.2%,0.0%,0.2%,4.5%,3.8%,4.2%,4.6%,4.1%,4.1%
2024-01-04 10:30:55,54.3%,0.0%,0.0%,0.5%,1.2%,1.2%,1.2%,1.1%,1.2%,1.2%,1.9%,0.1%,0.2%,0.2%,0.2%,0.2%,0.2%,0.2%,0.2%,0.0%,0.2%,0.2%,0.2%,,0.2%,0.2%,0.3%,0.2%,0.2%,0.2%,0.3%,0.2%,0.0%,0.3%,0.2%,0.2%,0.2%,0.2%,0.2%,0.2%,0.2%,0.2%,0.2%,0.2%,0.2%,0.2%,0.2%,0.0%,0.2%,0.2%,0.2%,0.2%,0.2%,0.0%,0.2%,0.2%,0.0%,0.2%,4.0%,3.6%,4.0%,4.4%,3.6%,3.6%
2024-01-04 10:31:00,54.1%,0.0%,0.0%,0.6%,1.2%,1.3%,1.3%,1.2%,1.3%,1.3%,2.0%,0.1%,0.2%,0.2%,0.2%,0.2%,0.2%,0.2%,0.2%,0.0%,0.2%,0.2%,0.2%,,0.2%,0.3%,0.3%,0.2%,0.2%,0.2%,0.3%,0.2%,0.0%,0.3%,0.2%,0.2%,0.2%,0.2%,0.2%,0.2%,0.2%,0.2%,0.2%,0.2%,0.2%,0.2%,0.2%,0.0%,0.2%,0.2%,0.2%,0.2%,0.2%,0.0%,0.2%,0.2%,0.0%,0.2%,4.7%,4.1%,4.3%,4.6%,4.1%,4.0%
2024-01-04 10:31:05,54.0%,0.0%,0.0%,0.6%,1.2%,1.2%,1.2%,1.1%,1.2%,1.2%,1.9%,0.1%,0.2%,0.2%,0.2%,0.2%,0.2%,0.2%,0.2%,0.0%,0.2%,0.2%,0.2%,,0.2%,0.2%,0.3%,0.2%,0.2%,0.2%,0.3%,0.2%,0.0%,0.3%,0.2%,0.2%,0.2%,0.2%,0.2%,0.2%,0.2%,0.2%,0.2%,0.2%,0.2%,0.2%,0.2%,0.0%,0.2%,0.2%,0.2%,0.2%,0.2%,0.0%,0.2%,0.2%,0.0%,0.2%,4.3%,3.7%,3.6%,4.3%,3.7%,3.5%
2024-01-04 10:31:10,53.8%,0.0%,0.0%,0.6%,1.3%,1.3%,1.3%,1.2%,1.3%,1.3%,1.8%,0.1%,0.2%,0.2%,0.2%,0.2%,0.2%,0.2%,0.2%,0.0%,0.2%,0.2%,0.2%,,0.2%,0.2%,0.3%,0.2%,0.2%,0.2%,0.2%,0.2%,0.0%,0.3%,0.2%,0.2%,0.2%,0.2%,0.2%,0.2%,0.2%,0.2%,0.2%,0.2%,0.2%,0.2%,0.2%,0.0%,0.2%,0.2%,0.2%,0.2%,0.2%,0.0%,0.2%,0.3%,0.0%,0.2%,4.7%,4.0%,4.1%,4.9%,4.1%,4.0%
2024-01-04 10:31:15,55.2%,0.0%,0.0%,0.6%,1.2%,1.2%,1.2%,1.1%,1.2%,1.2%,1.9%,0.2%,0.2%,0.2%,0.2%,0.2%,0.2%,0.2%,0.2%,0.0%,0.2%,0.2%,0.2%,,0.2%,0.2%,0.3%,0.2%,0.2%,0.2%,0.2%,0.2%,0.0%,0.3%,0.2%,0.2%,0.2%,0.2%,0.2%,0.2%,0.2%,0.2%,0.2%,0.2%,0.2%,0.2%,0.2%,0.0%,0.2%,0.2%,0.2%,0.2%,0.2%,0.0%,0.2%,0.3%,0.0%,0.2%,4.4%,3.6%,3.9%,4.4%,3.6%,3.6%
2024-01-04 10:31:20,54.5%,0.0%,0.0%,0.6%,1.3%,1.3%,1.3%,1.2%,1.3%,1.3%,1.9%,0.2%,0.2%,0.2%,0.2%,0.2%,0.2%,0.2%,0.2%,0.0%,0.2%,0.2%,0.2%,,0.2%,0.2%,0.3%,0.2%,0.2%,0.2%,0.2%,0.2%,0.0%,0.3%,0.2%,0.2%,0.2%,0.2%,0.2%,0.2%,0.2%,0.2%,0.2%,0.2%,0.2%,0.2%,0.2%,0.0%,0.2%,0.2%,0.2%,0.2%,0.2%,0.0%,0.2%,0.3%,0.0%,0.2%,4.9%,4.0%,4.3%,4.8%,4.2%,4.1%
2024-01-04 10:31:25,53.5%,0.0%,0.0%,0.6%,1.2%,1.2%,1.2%,1.1%,1.2%,1.2%,1.9%,0.2%,0.2%,0.2%,0.2%,0.2%,0.2%,0.2%,0.2%,0.0%,0.2%,0.2%,0.2%,,0.2%,0.2%,0.3%,0.2%,0.2%,0.2%,0.2%,0.2%,0.0%,0.3%,0.2%,0.2%,0.2%,0.2%,0.2%,0.2%,0.2%,0.2%,0.2%,0.2%,0.2%,0.2%,0.2%,0.0%,0.2%,0.2%,0.2%,0.2%,0.2%,0.0%,0.2%,0.3%,0.0%,0.2%,4.3%,3.4%,3.9%,4.2%,3.6%,3.8%
2024-01-04 10:31:30,54.4%,0.0%,0.0%,0.6%,1.3%,1.3%,1.3%,1.2%,1.3%,1.3%,1.9%,0.2%,0.2%,0.2%,0.2%,0.2%,0.2%,0.2%,0.2%,0.0%,0.2%,0.2%,0.3%,,0.2%,0.2%,0.3%,0.2%,0.2%,0.2%,0.2%,0.3%,0.0%,0.3%,0.2%,0.2%,0.2%,0.2%,0.2%,0.2%,0.2%,0.2%,0.2%,0.2%,0.2%,0.2%,0.2%,0.0%,0.2%,0.2%,0.2%,0.2%,0.2%,0.0%,0.2%,0.2%,0.0%,0.2%,4.7%,4.0%,4.4%,4.5%,4.0%,4.2%
2024-01-04 10:31:35,52.9%,0.0%,0.0%,0.6%,1.2%,1.2%,1.2%,1.1%,1.2%,1.3%,2.0%,0.2%,0.2%,0.2%,0.2%,0.2%,0.2%,0.2%,0.2%,0.0%,0.2%,0.2%,0.2%,,0.2%,0.2%,0.3%,0.2%,0.2%,0.2%,0.2%,0.3%,0.0%,0.3%,0.2%,0.2%,0.2%,0.2%,0.2%,0.2%,0.2%,0.2%,0.2%,0.2%,0.2%,0.2%,0.2%,0.0%,0.2%,0.2%,0.2%,0.2%,0.2%,0.0%,0.2%,0.2%,0.0%,0.2%,4.4%,3.5%,3.7%,4.2%,3.6%,3.6%
2024-01-04 10:31:40,54.3%,0.0%,0.0%,0.6%,1.3%,1.3%,1.3%,1.2%,1.1%,1.4%,2.1%,0.2%,0.2%,0.2%,0.2%,0.2%,0.2%,0.2%,0.2%,0.0%,0.2%,0.2%,0.2%,,0.2%,0.2%,0.3%,0.2%,0.2%,0.2%,0.2%,0.3%,0.0%,0.3%,0.2%,0.2%,0.2%,0.2%,0.2%,0.2%,0.2%,0.2%,0.2%,0.2%,0.2%,0.2%,0.2%,0.0%,0.2%,0.2%,0.2%,0.2%,0.2%,0.0%,0.2%,0.2%,0.0%,0.2%,4.8%,3.9%,4.1%,4.6%,4.1%,4.0%
2024-01-04 10:31:45,54.3%,0.0%,0.0%,0.6%,1.3%,1.2%,1.2%,1.2%,1.2%,1.3%,2.1%,0.2%,0.2%,0.2%,0.2%,0.2%,0.2%,0.2%,0.2%,0.0%,0.2%,0.2%,0.3%,,0.2%,0.2%,0.3%,0.2%,0.2%,0.2%,0.2%,0.3%,0.0%,0.3%,0.2%,0.2%,0.2%,0.2%,0.2%,0.2%,0.2%,0.2%,0.2%,0.2%,0.2%,0.2%,0.2%,0.0%,0.2%,0.2%,0.2%,0.2%,0.2%,0.0%,0.2%,0.2%,0.0%,0.2%,4.5%,3.6%,3.6%,4.2%,3.7%,3.5%
2024-01-04 10:31:50,55.5%,0.0%,0.0%,0.5%,1.3%,1.3%,1.2%,1.2%,1.3%,1.4%,2.1%,0.2%,0.2%,0.2%,0.2%,0.2%,0.2%,0.2%,0.2%,0.0%,0.2%,0.2%,0.3%,,0.2%,0.2%,0.3%,0.2%,0.2%,0.3%,0.2%,0.3%,0.0%,0.3%,0.2%,0.2%,0.2%,0.2%,0.2%,0.2%,0.2%,0.2%,0.2%,0.2%,0.2%,0.2%,0.2%,0.0%,0.2%,0.2%,0.2%,0.2%,0.2%,0.0%,0.2%,0.2%,0.0%,0.2%,4.9%,4.2%,4.0%,4.9%,4.2%,3.9%
2024-01-04 10:31:55,55.4%,0.0%,0.0%,0.6%,1.2%,1.2%,1.2%,1.2%,1.2%,1.3%,2.0%,0.2%,0.2%,0.2%,0.2%,0.2%,0.2%,0.2%,0.2%,0.0%,0.2%,0.2%,0.3%,,0.2%,0.2%,0.3%,0.2%,0.2%,0.2%,0.2%,0.3%,0.0%,0.3%,0.2%,0.2%,0.2%,0.2%,0.2%,0.2%,0.2%,0.2%,0.2%,0.2%,0.2%,0.2%,0.2%,0.0%,0.2%,0.2%,0.2%,0.2%,0.2%,0.0%,0.2%,0.2%,0.0%,0.2%,4.3%,3.7%,3.6%,4.6%,3.7%,3.5%
2024-01-04 10:32:00,54.0%,0.0%,0.0%,0.6%,1.3%,1.3%,1.3%,1.2%,1.3%,1.4%,2.1%,0.2%,0.2%,0.2%,0.2%,0.2%,0.2%,0.2%,0.2%,0.0%,0.2%,0.2%,0.3%,,0.2%,0.2%,0.3%,0.2%,0.2%,0.3%,0.2%,0.3%,0.0%,0.3%,0.2%,0.2%,0.2%,0.2%,0.2%,0.2%,0.2%,0.2%,0.2%,0.2%,0.2%,0.2%,0.3%,0.0%,0.2%,0.2%,0.2%,0.2%,0.2%,0.0%,0.2%,0.2%,0.0%,0.2%,4.8%,4.0%,4.1%,5.0%,4.3%,4.0%
2024-01-04 10:32:05,54.2%,0.0%,0.0%,0.5%,1.2%,1.2%,1.2%,1.2%,1.2%,1.2%,2.1%,0.2%,0.2%,0.2%,0.2%,0.2%,0.2%,0.2%,0.2%,0.0%,0.2%,0.2%,0.3%,,0.2%,0.2%,0.3%,0.2%,0.2%,0.2%,0.2%,0.3%,0.0%,0.3%,0.2%,0.2%,0.2%,0.2%,0.2%,0.2%,0.2%,0.2%,0.2%,0.2%,0.2%,0.2%,0.3%,0.0%,0.2%,0.2%,0.2%,0.2%,0.2%,0.0%,0.2%,0.2%,0.0%,0.2%,4.3%,3.7%,3.6%,4.4%,3.9%,3.5%
2024-01-04 10:32:10,53.4%,0.0%,0.0%,0.6%,1.3%,1.2%,1.2%,1.3%,1.3%,1.3%,2.1%,0.1%,0.2%,0.2%,0.2%,0.2%,0.2%,0.2%,0.2%,0.0%,0.2%,0.2%,0.3%,,0.2%,0.2%,0.3%,0.2%,0.2%,0.2%,0.2%,0.3%,0.0%,0.3%,0.2%,0.2%,0.2%,0.2%,0.2%,0.2%,0.2%,0.2%,0.3%,0.2%,0.2%,0.2%,0.3%,0.0%,0.2%,0.2%,0.2%,0.2%,0.2%,0.0%,0.2%,0.2%,0.0%,0.2%,4.8%,4.2%,4.0%,4.9%,4.4%,3.8%
2024-01-04 10:32:15,54.5%,0.0%,0.0%,0.6%,1.2%,1.2%,1.2%,1.2%,1.2%,1.2%,2.2%,0.1%,0.2%,0.2%,0.2%,0.2%,0.2%,0.2%,0.2%,0.0%,0.2%,0.2%,0.3%,,0.2%,0.2%,0.3%,0.2%,0.2%,0.2%,0.2%,0.3%,0.0%,0.3%,0.2%,0.2%,0.2%,0.2%,0.2%,0.2%,0.2%,0.2%,0.2%,0.2%,0.2%,0.2%,0.3%,0.0%,0.2%,0.2%,0.2%,0.2%,0.2%,0.0%,0.2%,0.2%,0.0%,0.2%,4.2%,3.8%,3.4%,4.4%,3.8%,3.4%
2024-01-04 10:32:20,54.3%,0.0%,0.0%,0.5%,1.3%,1.2%,1.3%,1.3%,1.3%,1.3%,2.1%,0.1%,0.2%,0.2%,0.2%,0.2%,0.2%,0.2%,0.2%,0.0%,0.2%,0.2%,0.3%,,0.2%,0.2%,0.3%,0.2%,0.2%,0.2%,0.2%,0.3%,0.0%,0.3%,0.2%,0.2%,0.2%,0.2%,0.2%,0.2%,0.2%,0.2%,0.3%,0.2%,0.2%,0.3%,0.3%,0.0%,0.2%,0.2%,0.2%,0.2%,0.2%,0.0%,0.2%,0.2%,0.0%,0.2%,4.7%,4.1%,3.9%,4.8%,4.4%,3.8%
2024-01-04 10:32:25,54.2%,0.0%,0.0%,0.5%,1.2%,1.1%,1.2%,1.2%,1.2%,1.2%,2.1%,0.1%,0.2%,0.2%,0.2%,0.2%,0.2%,0.2%,0.2%,0.0%,0.2%,0.2%,0.3%,,0.2%,0.2%,0.3%,0.2%,0.2%,0.2%,0.2%,0.2%,0.0%,0.3%,0.2%,0.2%,0.2%,0.2%,0.2%,0.2%,0.2%,0.2%,0.2%,0.2%,0.3%,0.3%,0.3%,0.0%,0.2%,0.2%,0.2%,0.2%,0.2%,0.0%,0.2%,0.2%,0.0%,0.2%,4.4%,3.7%,3.4%,4.7%,3.8%,3.3%
2024-01-04 10:32:30,54.8%,0.0%,0.0%,0.5%,1.3%,1.3%,1.3%,1.3%,1.3%,1.3%,2.1%,0.1%,0.2%,0.2%,0.2%,0.2%,0.2%,0.2%,0.2%,0.0%,0.2%,0.2%,0.3%,,0.2%,0.2%,0.3%,0.2%,0.2%,0.2%,0.2%,0.2%,0.0%,0.3%,0.2%,0.2%,0.2%,0.2%,0.2%,0.2%,0.2%,0.2%,0.3%,0.2%,0.3%,0.3%,0.3%,0.0%,0.2%,0.2%,0.2%,0.2%,0.2%,0.0%,0.2%,0.2%,0.0%,0.2%,4.6%,4.3%,3.9%,5.0%,3.7%,3.9%
2024-01-04 10:32:35,53.9%,0.0%,0.0%,0.5%,1.2%,1.1%,1.2%,1.2%,1.2%,1.2%,2.0%,0.1%,0.2%,0.2%,0.2%,0.2%,0.2%,0.2%,0.2%,0.0%,0.2%,0.2%,0.3%,,0.2%,0.2%,0.3%,0.2%,0.2%,0.2%,0.2%,0.2%,0.0%,0.3%,0.2%,0.2%,0.2%,0.2%,0.2%,0.2%,0.2%,0.2%,0.3%,0.2%,0.3%,0.3%,0.3%,0.0%,0.2%,0.2%,0.2%,0.2%,0.2%,0.0%,0.2%,0.2%,0.0%,0.2%,4.2%,3.9%,3.6%,4.5%,3.7%,3.5%
2024-01-04 10:32:40,54.4%,0.0%,0.0%,0.5%,1.3%,1.3%,1.3%,1.3%,1.3%,1.2%,2.0%,0.1%,0.2%,0.2%,0.2%,0.2%,0.2%,0.2%,0.2%,0.0%,0.2%,0.2%,0.2%,,0.2%,0.2%,0.3%,0.2%,0.2%,0.2%,0.2%,0.2%,0.0%,0.3%,0.2%,0.2%,0.2%,0.2%,0.2%,0.2%,0.2%,0.2%,0.2%,0.2%,0.3%,0.3%,0.3%,0.0%,0.2%,0.2%,0.2%,0.2%,0.2%,0.0%,0.2%,0.2%,0.0%,0.2%,4.5%,4.2%,4.0%,5.0%,4.3%,4.0%
2024-01-04 10:32:45,54.2%,0.0%,0.0%,0.5%,1.2%,1.1%,1.2%,1.2%,1.2%,1.2%,2.0%,0.1%,0.2%,0.2%,0.2%,0.2%,0.2%,0.2%,0.2%,0.0%,0.2%,0.2%,0.2%,,0.2%,0.2%,0.3%,0.2%,0.2%,0.2%,0.2%,0.2%,0.0%,0.3%,0.2%,0.2%,0.2%,0.2%,0.2%,0.2%,0.2%,0.2%,0.2%,0.2%,0.3%,0.3%,0.3%,0.0%,0.2%,0.2%,0.2%,0.2%,0.2%,0.0%,0.2%,0.2%,0.0%,0.2%,4.3%,3.5%,3.7%,4.3%,3.8%,3.6%
2024-01-04 10:32:50,53.3%,0.0%,0.0%,0.5%,1.3%,1.2%,1.3%,1.3%,1.3%,1.2%,1.9%,0.1%,0.2%,0.2%,0.2%,0.2%,0.2%,0.2%,0.2%,0.0%,0.2%,0.2%,0.2%,,0.2%,0.2%,0.3%,0.2%,0.2%,0.2%,0.2%,0.2%,0.0%,0.3%,0.2%,0.2%,0.2%,0.2%,0.2%,0.2%,0.2%,0.2%,0.2%,0.2%,0.3%,0.3%,0.3%,0.0%,0.2%,0.2%,0.2%,0.2%,0.2%,0.0%,0.2%,0.2%,0.0%,0.2%,4.8%,4.0%,4.2%,4.8%,4.2%,4.1%
2024-01-04 10:32:55,54.5%,0.0%,0.0%,0.5%,1.2%,1.1%,1.2%,1.2%,1.2%,1.1%,1.9%,0.1%,0.2%,0.2%,0.2%,0.2%,0.2%,0.2%,0.2%,0.0%,0.2%,0.2%,0.2%,,0.2%,0.2%,0.3%,0.2%,0.2%,0.2%,0.2%,0.2%,0.0%,0.3%,0.2%,0.2%,0.2%,0.2%,0.2%,0.2%,0.2%,0.2%,0.2%,0.2%,0.3%,0.3%,0.2%,0.0%,0.2%,0.2%,0.2%,0.2%,0.2%,0.0%,0.2%,0.2%,0.0%,0.2%,4.3%,3.6%,3.8%,4.5%,3.7%,3.6%
2024-01-04 10:33:00,55.1%,0.0%,0.0%,0.5%,1.3%,1.3%,1.3%,1.3%,1.3%,1.2%,2.0%,0.1%,0.2%,0.2%,0.2%,0.2%,0.2%,0.2%,0.2%,0.0%,0.2%,0.2%,0.2%,,0.2%,0.3%,0.3%,0.2%,0.2%,0.2%,0.2%,0.2%,0.0%,0.3%,0.2%,0.2%,0.2%,0.2%,0.2%,0.2%,0.2%,0.2%,0.2%,0.2%,0.3%,0.3%,0.2%,0.0%,0.2%,0.2%,0.2%,0.2%,0.2%,0.0%,0.2%,0.2%,0.0%,0.3%,4.7%,4.0%,4.3%,4.8%,4.0%,4.0%
2024-01-04 10:33:05,55.3%,0.0%,0.0%,0.5%,1.2%,1.2%,1.1%,1.1%,1.2%,1.1%,2.0%,0.1%,0.2%,0.2%,0.2%,0.2%,0.2%,0.2%,0.2%,0.0%,0.2%,0.2%,0.2%,,0.2%,0.2%,0.3%,0.2%,0.2%,0.2%,0.2%,0.2%,0.0%,0.3%,0.3%,0.2%,0.2%,0.2%,0.2%,0.2%,0.2%,0.2%,0.2%,0.2%,0.3%,0.3%,0.2%,0.0%,0.2%,0.2%,0.2%,0.2%,0.2%,0.0%,0.2%,0.2%,0.0%,0.3%,4.2%,3.8%,3.8%,4.6%,3.6%,3.6%
2024-01-04 10:33:10,54.4%,0.0%,0.0%,0.5%,1.4%,1.3%,1.1%,1.2%,1.3%,1.2%,1.9%,0.1%,0.2%,0.2%,0.2%,0.2%,0.2%,0.2%,0.2%,0.0%,0.2%,0.2%,0.2%,,0.2%,0.2%,0.3%,0.2%,0.2%,0.2%,0.2%,0.2%,0.0%,0.3%,0.3%,0.2%,0.2%,0.2%,0.2%,0.2%,0.2%,0.2%,0.2%,0.2%,0.3%,0.3%,0.2%,0.0%,0.2%,0.2%,0.2%,0.2%,0.2%,0.0%,0.2%,0.2%,0.0%,0.3%,4.5%,4.2%,4.3%,5.0%,4.1%,4.2%
2024-01-04 10:33:15,53.8%,0.0%,0.0%,0.5%,1.3%,1.2%,1.1%,1.2%,1.2%,1.1%,2.0%,0.2%,0.2%,0.2%,0.2%,0.2%,0.2%,0.2%,0.2%,0.0%,0.2%,0.2%,0.2%,,0.2%,0.2%,0.3%,0.2%,0.2%,0.2%,0.2%,0.2%,0.0%,0.3%,0.2%,0.2%,0.2%,0.2%,0.2%,0.2%,0.2%,0.2%,0.2%,0.2%,0.3%,0.2%,0.2%,0.0%,0.2%,0.2%,0.2%,0.2%,0.2%,0.0%,0.2%,0.2%,0.0%,0.2%,4.1%,3.9%,3.9%,4.7%,3.6%,3.8%
2024-01-04 10:33:20,54.2%,0.0%,0.0%,0.5%,1.3%,1.3%,1.2%,1.3%,1.3%,1.2%,1.9%,0.2%,0.2%,0.2%,0.2%,0.2%,0.2%,0.2%,0.2%,0.0%,0.2%,0.2%,0.2%,,0.2%,0.2%,0.3%,0.2%,0.2%,0.2%,0.2%,0.2%,0.0%,0.3%,0.2%,0.2%,0.2%,0.2%,0.2%,0.2%,0.2%,0.2%,0.2%,0.2%,0.2%,0.2%,0.2%,0.0%,0.2%,0.2%,0.2%,0.2%,0.2%,0.0%,0.2%,0.2%,0.0%,0.2%,4.6%,4.1%,4.2%,4.9%,4.3%,4.3%
2024-01-04 10:33:25,54.8%,0.0%,0.0%,0.5%,1.3%,1.2%,1.1%,1.2%,1.2%,1.1%,2.0%,0.2%,0.2%,0.2%,0.2%,0.2%,0.2%,0.2%,0.2%,0.0%,0.2%,0.2%,0.2%,,0.2%,0.2%,0.3%,0.2%,0.2%,0.2%,0.2%,0.2%,0.0%,0.3%,0.2%,0.2%,0.2%,0.2%,0.2%,0.2%,0.2%,0.2%,0.2%,0.2%,0.2%,0.2%,0.2%,0.0%,0.2%,0.2%,0.2%,0.2%,0.2%,0.0%,0.2%,0.2%,0.0%,0.2%,4.1%,3.5%,3.9%,4.5%,3.8%,3.7%
2024-01-04 10:33:30,54.2%,0.0%,0.0%,0.5%,1.3%,1.2%,1.2%,1.3%,1.3%,1.2%,2.0%,0.2%,0.2%,0.2%,0.2%,0.2%,0.2%,0.2%,0.2%,0.0%,0.2%,0.2%,0.2%,,0.2%,0.2%,0.3%,0.2%,0.2%,0.2%,0.2%,0.2%,0.0%,0.3%,0.2%,0.2%,0.2%,0.2%,0.2%,0.2%,0.2%,0.2%,0.2%,0.2%,0.2%,0.2%,0.2%,0.0%,0.2%,0.2%,0.2%,0.2%,0.2%,0.0%,0.2%,0.2%,0.0%,0.2%,4.6%,4.0%,4.3%,5.0%,4.1%,4.1%
2024-01-04 10:33:35,54.3%,0.0%,0.0%,0.5%,1.2%,1.1%,1.1%,1.1%,1.2%,1.1%,2.0%,0.2%,0.2%,0.2%,0.2%,0.2%,0.2%,0.2%,0.2%,0.0%,0.2%,0.2%,0.2%,,0.2%,0.2%,0.3%,0.2%,0.2%,0.2%,0.2%,0.2%,0.0%,0.3%,0.2%,0.2%,0.2%,0.2%,0.2%,0.2%,0.2%,0.2%,0.2%,0.2%,0.2%,0.2%,0.2%,0.0%,0.2%,0.2%,0.2%,0.2%,0.2%,0.0%,0.2%,0.2%,0.0%,0.2%,4.3%,3.5%,3.9%,4.4%,3.6%,3.6%
2024-01-04 10:33:40,54.2%,0.0%,0.0%,0.5%,1.3%,1.3%,1.2%,1.2%,1.2%,1.2%,2.1%,0.2%,0.2%,0.2%,0.2%,0.2%,0.2%,0.2%,0.2%,0.0%,0.2%,0.2%,0.2%,,0.2%,0.2%,0.3%,0.2%,0.2%,0.2%,0.2%,0.2%,0.0%,0.2%,0.2%,0.2%,0.2%,0.2%,0.2%,0.2%,0.2%,0.2%,0.2%,0.2%,0.2%,0.2%,0.2%,0.0%,0.2%,0.2%,0.2%,0.2%,0.2%,0.0%,0.2%,0.2%,0.0%,0.2%,4.5%,4.2%,4.1%,5.0%,4.1%,4.0%
2024-01-04 10:33:45,54.5%,0.1%,0.0%,0.5%,1.2%,1.2%,1.2%,1.1%,1.2%,1.1%,2.1%,0.2%,0.2%,0.2%,0.2%,0.2%,0.2%,0.2%,0.2%,0.0%,0.2%,0.2%,0.2%,,0.2%,0.2%,0.3%,0.2%,0.2%,0.2%,0.2%,0.2%,0.0%,0.3%,0.2%,0.2%,0.2%,0.2%,0.2%,0.2%,0.2%,0.2%,0.2%,0.2%,0.2%,0.2%,0.2%,0.0%,0.2%,0.2%,0.2%,0.2%,0.2%,0.0%,0.2%,0.2%,0.0%,0.2%,4.0%,3.8%,3.6%,4.7%,3.6%,3.5%
2024-01-04 10:33:50,53.9%,0.1%,0.0%,0.6%,1.3%,1.2%,1.3%,1.3%,1.3%,1.1%,2.1%,0.2%,0.2%,0.2%,0.2%,0.2%,0.2%,0.2%,0.2%,0.0%,0.2%,0.2%,0.2%,,0.2%,0.2%,0.3%,0.2%,0.2%,0.2%,0.2%,0.2%,0.0%,0.3%,0.2%,0.2%,0.2%,0.2%,0.2%,0.2%,0.2%,0.2%,0.2%,0.2%,0.2%,0.2%,0.2%,0.0%,0.2%,0.2%,0.2%,0.2%,0.2%,0.0%,0.2%,0.2%,0.0%,0.2%,4.4%,4.1%,4.0%,4.8%,4.0%,4.1%
2024-01-04 10:33:55,53.7%,0.1%,0.0%,0.6%,1.2%,1.1%,1.2%,1.2%,1.2%,1.2%,2.2%,0.2%,0.2%,0.2%,0.2%,0.2%,0.2%,0.2%,0.2%,0.0%,0.2%,0.3%,0.2%,,0.2%,0.2%,0.3%,0.2%,0.2%,0.2%,0.2%,0.2%,0.0%,0.3%,0.2%,0.2%,0.2%,0.2%,0.2%,0.2%,0.2%,0.2%,0.2%,0.2%,0.2%,0.2%,0.2%,0.0%,0.2%,0.2%,0.2%,0.2%,0.2%,0.0%,0.2%,0.2%,0.0%,0.2%,4.2%,3.6%,3.6%,4.5%,3.7%,3.7%
2024-01-04 10:34:00,54.5%,0.1%,0.0%,0.6%,1.3%,1.2%,1.3%,1.3%,1.3%,1.3%,2.1%,0.2%,0.2%,0.2%,0.2%,0.2%,0.2%,0.2%,0.2%,0.0%,0.2%,0.3%,0.2%,,0.2%,0.2%,0.3%,0.2%,0.2%,0.2%,0.2%,0.2%,0.0%,0.3%,0.2%,0.2%,0.2%,0.2%,0.2%,0.2%,0.2%,0.2%,0.2%,0.2%,0.2%,0.2%,0.2%,0.0%,0.2%,0.2%,0.2%,0.2%,0.2%,0.0%,0.2%,0.2%,0.0%,0.2%,4.7%,3.9%,4.2%,4.8%,4.2%,4.1%
2024-01-04 10:34:05,54.9%,0.1%,0.0%,0.6%,1.2%,1.1%,1.2%,1.2%,1.2%,1.2%,2.1%,0.2%,0.2%,0.2%,0.2%,0.2%,0.2%,0.2%,0.2%,0.0%,0.2%,0.3%,0.2%,,0.2%,0.2%,0.3%,0.2%,0.2%,0.2%,0.2%,0.2%,0.0%,0.3%,0.2%,0.2%,0.2%,0.2%,0.2%,0.2%,0.2%,0.2%,0.2%,0.2%,0.2%,0.2%,0.2%,0.0%,0.2%,0.2%,0.2%,0.2%,0.2%,0.0%,0.2%,0.2%,0.0%,0.2%,4.3%,3.4%,3.7%,4.5%,3.8%,3.6%
2024-01-04 10:34:10,54.9%,0.1%,0.0%,0.6%,1.3%,1.2%,1.3%,1.3%,1.3%,1.3%,2.1%,0.1%,0.2%,0.2%,0.2%,0.2%,0.2%,0.2%,0.2%,0.0%,0.2%,0.3%,0.2%,,0.2%,0.2%,0.3%,0.2%,0.2%,0.2%,0.2%,0.2%,0.0%,0.3%,0.2%,0.2%,0.2%,0.2%,0.2%,0.2%,0.2%,0.2%,0.2%,0.2%,0.2%,0.2%,0.2%,0.0%,0.2%,0.2%,0.2%,0.2%,0.2%,0.0%,0.2%,0.2%,0.0%,0.2%,4.8%,3.9%,4.1%,4.7%,4.2%,3.9%
2024-01-04 10:34:15,54.3%,0.1%,0.2%,0.6%,1.2%,1.1%,1.2%,1.2%,1.2%,1.2%,2.3%,0.1%,0.2%,0.2%,0.2%,0.2%,0.2%,0.2%,0.2%,0.0%,0.2%,0.3%,0.2%,,0.2%,0.2%,0.3%,0.2%,0.2%,0.2%,0.4%,0.2%,0.0%,0.3%,0.2%,0.2%,0.2%,0.2%,0.2%,0.2%,0.2%,0.2%,0.2%,0.2%,0.2%,0.2%,0.2%,0.0%,0.2%,0.2%,0.2%,0.2%,0.2%,0.0%,0.2%,0.2%,0.0%,0.2%,4.2%,3.5%,3.8%,4.2%,3.6%,3.4%
2024-01-04 10:34:20,54.5%,0.1%,0.2%,0.5%,1.3%,1.2%,1.3%,1.3%,1.3%,1.3%,2.2%,0.1%,0.2%,0.2%,0.2%,0.2%,0.2%,0.2%,0.2%,0.0%,0.2%,0.3%,0.2%,,0.2%,0.2%,0.3%,0.2%,0.2%,0.2%,0.4%,0.2%,0.0%,0.3%,0.2%,0.2%,0.2%,0.2%,0.2%,0.2%,0.2%,0.2%,0.2%,0.2%,0.2%,0.2%,0.2%,0.0%,0.2%,0.2%,0.2%,0.2%,0.2%,0.0%,0.2%,0.3%,0.0%,0.2%,4.7%,4.1%,4.1%,4.7%,4.0%,4.0%
2024-01-04 10:34:25,54.8%,0.1%,0.2%,0.5%,1.2%,1.2%,1.2%,1.2%,1.2%,1.2%,2.3%,0.1%,0.2%,0.2%,0.2%,0.2%,0.2%,0.2%,0.2%,0.0%,0.2%,0.2%,0.2%,,0.2%,0.2%,0.3%,0.2%,0.2%,0.2%,0.4%,0.2%,0.0%,0.3%,0.2%,0.2%,0.2%,0.2%,0.2%,0.2%,0.2%,0.2%,0.2%,0.2%,0.2%,0.2%,0.2%,0.0%,0.2%,0.2%,0.2%,0.2%,0.2%,0.0%,0.2%,0.3%,0.0%,0.2%,4.3%,3.6%,3.7%,4.4%,3.6%,3.6%
2024-01-04 10:34:30,54.2%,0.1%,0.2%,0.5%,1.3%,1.3%,1.3%,1.3%,1.4%,1.3%,2.3%,0.1%,0.2%,0.2%,0.2%,0.2%,0.2%,0.2%,0.2%,0.0%,0.2%,0.2%,0.2%,,0.2%,0.2%,0.3%,0.2%,0.2%,0.2%,0.4%,0.2%,0.0%,0.3%,0.2%,0.2%,0.2%,0.2%,0.2%,0.2%,0.2%,0.2%,0.2%,0.2%,0.2%,0.2%,0.2%,0.0%,0.2%,0.2%,0.2%,0.2%,0.2%,0.0%,0.2%,0.3%,0.0%,0.2%,4.7%,4.2%,4.2%,4.8%,4.2%,4.2%
2024-01-04 10:34:35,54.0%,0.0%,0.2%,0.5%,1.2%,1.2%,1.2%,1.2%,1.2%,1.2%,2.2%,0.1%,0.2%,0.2%,0.2%,0.2%,0.2%,0.2%,0.2%,0.0%,0.2%,0.3%,0.2%,13.2%,0.2%,0.2%,0.3%,0.2%,0.2%,0.2%,0.4%,0.2%,0.0%,0.3%,0.2%,0.2%,0.2%,0.2%,0.2%,0.2%,0.2%,0.2%,0.2%,0.2%,0.2%,0.2%,0.2%,0.0%,0.2%,0.2%,0.2%,0.2%,0.2%,0.0%,0.2%,0.2%,0.0%,0.2%,4.4%,3.5%,3.8%,4.4%,3.7%,3.8%
2024-01-04 10:34:40,54.5%,0.0%,0.2%,0.6%,1.3%,1.3%,1.3%,1.3%,1.4%,1.3%,2.2%,0.1%,0.2%,0.2%,0.2%,0.2%,0.2%,0.3%,0.2%,0.0%,0.2%,0.3%,0.2%,21.9%,0.2%,0.2%,0.3%,0.2%,0.2%,0.2%,0.4%,0.2%,0.0%,0.3%,0.2%,0.2%,0.2%,0.2%,0.2%,0.2%,0.2%,0.3%,0.2%,0.2%,0.2%,0.2%,0.2%,0.0%,0.2%,0.2%,0.3%,0.2%,0.2%,0.0%,0.2%,0.3%,0.0%,0.2%,4.9%,4.0%,4.5%,4.5%,4.2%,4.2%
2024-01-04 10:34:45,54.5%,0.0%,0.2%,0.5%,1.2%,1.2%,1.2%,1.2%,1.2%,1.2%,2.2%,0.1%,0.2%,0.2%,0.3%,0.2%,0.2%,0.3%,0.2%,0.0%,0.3%,0.3%,0.2%,30.7%,0.2%,0.2%,0.3%,0.2%,0.2%,0.2%,0.4%,0.2%,0.0%,0.3%,0.2%,0.2%,0.2%,0.3%,0.2%,0.2%,0.2%,0.3%,0.2%,0.2%,0.2%,0.2%,0.2%,0.0%,0.2%,0.2%,0.2%,0.2%,0.2%,0.0%,0.2%,0.3%,0.0%,0.2%,4.4%,3.6%,4.0%,4.2%,3.7%,3.7%
2024-01-04 10:34:50,54.5%,0.0%,0.2%,0.5%,1.3%,1.3%,1.3%,1.3%,1.4%,1.3%,2.2%,0.1%,0.3%,0.2%,0.3%,0.2%,0.2%,0.2%,0.2%,0.0%,0.3%,0.3%,0.2%,39.0%,0.2%,0.2%,0.3%,0.2%,0.2%,0.2%,0.4%,0.2%,0.0%,0.3%,0.2%,0.2%,0.2%,0.3%,0.2%,0.2%,0.2%,0.3%,0.2%,0.2%,0.2%,0.2%,0.2%,0.0%,0.2%,0.2%,0.3%,0.2%,0.2%,0.0%,0.2%,0.3%,0.0%,0.2%,4.6%,4.0%,4.3%,4.5%,4.0%,4.1%
2024-01-04 10:34:55,54.7%,0.0%,0.2%,0.6%,1.2%,1.2%,1.2%,1.2%,1.3%,1.2%,2.2%,0.1%,0.3%,0.2%,0.3%,0.2%,0.2%,0.2%,0.2%,0.0%,0.3%,0.4%,0.2%,47.6%,0.2%,0.2%,0.3%,0.2%,0.2%,0.2%,0.5%,0.2%,0.0%,0.3%,0.2%,0.2%,0.2%,0.3%,0.2%,0.2%,0.2%,0.4%,0.2%,0.2%,0.2%,0.2%,0.2%,0.0%,0.2%,0.3%,0.3%,0.2%,0.2%,0.0%,0.2%,0.2%,0.0%,0.2%,4.4%,3.6%,3.8%,4.1%,3.5%,3.6%
2024-01-04 10:35:00,51.6%,0.0%,0.2%,0.6%,1.3%,1.3%,1.3%,1.2%,1.3%,1.3%,2.2%,0.1%,0.3%,0.3%,0.4%,0.2%,0.2%,0.3%,0.2%,0.0%,0.4%,0.4%,0.2%,56.1%,0.2%,0.2%,0.3%,0.3%,0.2%,0.2%,0.5%,0.2%,0.0%,0.3%,0.2%,0.2%,0.2%,0.3%,0.2%,0.3%,0.2%,0.4%,0.2%,0.3%,0.2%,0.2%,0.2%,0.0%,0.2%,0.3%,0.4%,0.2%,0.2%,0.0%,0.2%,0.3%,0.0%,0.2%,4.7%,4.1%,4.1%,4.5%,4.0%,4.0%
2024-01-04 10:35:05,54.6%,0.0%,0.2%,0.5%,1.2%,1.2%,1.2%,1.2%,1.2%,1.2%,2.2%,0.1%,0.3%,0.3%,0.4%,0.3%,0.3%,0.3%,0.2%,0.0%,0.4%,0.4%,0.2%,64.4%,0.2%,0.2%,0.3%,0.3%,0.2%,0.2%,0.5%,0.2%,0.0%,0.5%,0.2%,0.2%,0.2%,0.3%,0.2%,0.3%,0.3%,0.3%,0.2%,0.3%,0.2%,0.2%,0.2%,0.0%,0.2%,0.3%,0.4%,0.2%,0.2%,0.0%,0.2%,0.3%,0.0%,0.2%,4.2%,3.6%,3.7%,4.4%,3.6%,3.6%
2024-01-04 10:35:10,55.0%,0.0%,0.0%,0.5%,1.3%,1.3%,1.3%,3.3%,1.3%,1.3%,1.9%,0.1%,0.3%,0.3%,0.3%,0.3%,0.3%,0.3%,0.2%,0.0%,0.4%,0.4%,0.3%,72.8%,0.2%,0.2%,0.3%,0.3%,0.2%,0.3%,0.4%,0.2%,0.0%,0.4%,0.2%,0.2%,0.2%,0.3%,0.2%,0.3%,0.3%,0.3%,0.2%,0.3%,0.2%,0.2%,0.2%,0.0%,0.2%,0.3%,0.5%,0.2%,0.3%,0.0%,0.2%,0.3%,0.0%,0.2%,4.7%,4.0%,4.1%,4.7%,4.1%,4.1%
2024-01-04 10:35:15,54.8%,0.0%,0.0%,0.5%,1.2%,1.2%,1.2%,3.2%,1.2%,1.2%,2.0%,0.1%,0.3%,0.3%,0.3%,0.3%,0.4%,0.3%,0.2%,0.0%,0.4%,0.4%,0.3%,81.0%,0.2%,0.2%,0.3%,0.3%,0.2%,0.3%,0.4%,0.2%,0.0%,0.4%,0.2%,0.2%,0.2%,0.3%,0.2%,0.3%,0.3%,0.4%,0.2%,0.3%,0.2%,0.2%,0.3%,0.0%,0.2%,0.3%,0.5%,0.3%,0.3%,0.0%,0.2%,0.3%,0.0%,0.2%,4.3%,3.6%,3.8%,4.3%,3.8%,3.5%
2024-01-04 10:35:20,55.6%,0.0%,0.0%,0.5%,1.3%,1.3%,1.3%,3.3%,1.3%,1.3%,2.0%,0.1%,0.4%,0.3%,0.4%,0.3%,0.4%,0.4%,0.2%,0.0%,0.4%,0.4%,0.3%,89.4%,0.2%,0.2%,0.4%,0.3%,0.2%,0.3%,0.4%,0.2%,0.0%,0.5%,0.2%,0.2%,0.2%,0.3%,0.3%,0.3%,0.3%,0.4%,0.3%,0.3%,0.2%,0.2%,0.3%,0.0%,0.2%,0.3%,0.5%,0.3%,0.3%,0.0%,0.2%,0.3%,0.0%,0.2%,4.6%,4.0%,4.2%,4.6%,4.2%,4.0%
2024-01-04 10:35:25,55.8%,0.0%,0.0%,0.6%,1.2%,1.2%,1.2%,3.1%,1.2%,1.2%,2.0%,0.2%,0.4%,0.4%,0.4%,0.3%,0.4%,0.4%,0.3%,0.0%,0.4%,0.4%,0.4%,97.8%,0.3%,0.2%,0.4%,0.3%,0.2%,0.3%,0.4%,0.2%,0.0%,0.4%,0.2%,0.2%,0.2%,0.3%,0.3%,0.3%,0.3%,0.4%,0.3%,0.3%,0.2%,0.2%,0.3%,0.0%,0.2%,0.3%,0.5%,0.3%,0.4%,0.0%,0.3%,0.3%,0.0%,0.2%,4.1%,3.5%,3.6%,4.3%,3.6%,3.5%
2024-01-04 10:35:30,55.4%,0.0%,0.0%,0.5%,1.3%,1.3%,1.3%,3.3%,1.3%,1.3%,1.9%,0.2%,0.4%,0.4%,0.4%,0.4%,0.4%,0.4%,0.3%,0.0%,0.4%,0.4%,0.4%,99.9%,0.3%,0.2%,0.4%,0.3%,0.2%,0.4%,0.4%,0.3%,0.0%,0.5%,0.2%,0.2%,0.3%,0.3%,0.3%,0.4%,0.4%,0.4%,0.3%,0.3%,0.2%,0.3%,0.3%,0.0%,0.3%,0.4%,0.5%,0.6%,0.4%,0.0%,0.3%,0.3%,0.0%,0.2%,4.5%,4.2%,4.2%,4.7%,4.0%,3.9%
2024-01-04 10:35:35,55.5%,0.0%,0.0%,0.5%,1.2%,1.2%,1.2%,3.2%,1.2%,1.2%,2.0%,0.2%,0.4%,0.4%,0.4%,0.4%,0.4%,0.4%,0.3%,0.0%,0.4%,0.4%,0.4%,100.0%,0.3%,0.2%,0.5%,0.3%,0.3%,0.4%,0.4%,0.3%,0.0%,0.5%,0.2%,0.2%,0.3%,0.3%,0.3%,0.4%,0.4%,0.4%,0.3%,0.3%,0.2%,0.3%,0.3%,0.0%,0.3%,0.4%,0.5%,0.6%,0.4%,0.0%,0.3%,0.3%,0.0%,0.2%,4.3%,3.7%,3.6%,4.3%,3.7%,3.4%
2024-01-04 10:35:40,55.8%,0.0%,0.0%,0.5%,1.3%,1.3%,1.3%,3.2%,1.3%,1.3%,2.1%,0.2%,0.4%,0.4%,0.3%,0.3%,0.4%,0.4%,0.4%,0.0%,0.4%,0.3%,0.4%,,0.3%,0.3%,0.4%,0.4%,0.3%,0.4%,0.3%,0.3%,0.0%,0.5%,0.3%,0.3%,0.3%,0.3%,0.3%,0.4%,0.4%,0.3%,0.4%,0.4%,0.2%,0.3%,0.3%,0.0%,0.3%,0.3%,0.5%,0.6%,0.3%,0.0%,0.3%,0.3%,0.0%,0.2%,4.7%,4.1%,4.1%,4.7%,4.2%,3.9%
2024-01-04 10:35:45,55.5%,0.0%,0.0%,0.5%,1.3%,1.2%,1.2%,3.1%,1.2%,1.2%,2.1%,0.2%,0.4%,0.4%,0.3%,0.3%,0.4%,0.3%,0.3%,0.0%,0.3%,0.3%,0.4%,,0.4%,0.3%,0.4%,0.4%,0.3%,0.4%,0.3%,0.3%,0.0%,0.5%,0.3%,0.3%,0.3%,0.3%,0.3%,0.4%,0.4%,0.3%,0.4%,0.3%,0.2%,0.3%,0.3%,0.0%,0.3%,0.3%,0.4%,0.6%,0.3%,0.0%,0.3%,0.3%,0.0%,0.3%,4.4%,3.7%,3.7%,4.9%,3.8%,3.5%
2024-01-04 10:35:50,54.9%,0.0%,0.0%,0.5%,1.4%,1.3%,1.3%,3.3%,1.3%,1.3%,2.2%,0.2%,0.3%,0.4%,0.3%,0.4%,0.4%,0.4%,0.4%,0.0%,0.3%,0.3%,0.4%,,0.3%,0.3%,0.4%,0.4%,0.3%,0.5%,0.3%,0.3%,0.0%,0.5%,0.3%,0.3%,0.3%,0.5%,0.4%,0.4%,0.4%,0.3%,0.4%,0.3%,0.3%,0.3%,0.3%,0.0%,0.3%,0.4%,0.4%,0.6%,0.3%,0.0%,0.4%,0.4%,0.0%,0.3%,4.9%,4.0%,4.1%,4.7%,4.2%,4.1%
2024-01-04 10:35:55,54.9%,0.0%,0.0%,0.5%,1.3%,1.2%,1.2%,3.2%,1.2%,1.2%,2.2%,0.2%,0.3%,0.4%,0.2%,0.3%,0.4%,0.4%,0.4%,0.0%,0.5%,0.3%,0.4%,,0.3%,0.3%,0.4%,0.3%,0.3%,0.4%,0.3%,0.3%,0.0%,0.5%,0.4%,0.3%,0.3%,0.4%,0.3%,0.4%,0.4%,0.3%,0.4%,0.5%,0.3%,0.3%,0.3%,0.0%,0.3%,0.3%,0.4%,0.6%,0.3%,0.0%,0.3%,0.3%,0.0%,0.3%,4.2%,3.6%,4.0%,4.6%,3.8%,3.7%
2024-01-04 10:36:00,55.3%,0.0%,0.0%,0.5%,1.3%,1.3%,1.3%,3.2%,1.3%,1.2%,2.1%,0.2%,0.3%,0.4%,0.2%,0.4%,0.4%,0.4%,0.4%,0.0%,0.5%,0.3%,0.4%,,0.4%,0.4%,0.5%,0.4%,0.4%,0.5%,0.3%,0.3%,0.0%,0.4%,0.4%,0.4%,0.3%,0.4%,0.4%,0.4%,0.5%,0.6%,0.4%,0.4%,0.4%,0.4%,0.3%,0.0%,0.3%,0.4%,0.4%,0.6%,0.4%,0.0%,0.4%,0.3%,0.0%,0.3%,4.7%,4.2%,4.4%,4.8%,4.2%,4.1%
2024-01-04 10:36:05,55.8%,0.0%,0.0%,0.5%,1.2%,1.1%,1.2%,1.1%,1.2%,1.1%,2.2%,0.2%,0.2%,0.3%,0.4%,0.3%,0.4%,0.3%,0.4%,0.0%,0.5%,0.4%,0.4%,,0.4%,0.4%,0.5%,0.4%,0.3%,0.4%,0.3%,0.3%,0.0%,0.4%,0.4%,0.4%,0.3%,0.4%,0.4%,0.4%,0.5%,0.6%,0.4%,0.4%,0.4%,0.4%,0.4%,0.0%,0.3%,0.4%,0.3%,0.6%,0.3%,0.0%,0.4%,0.3%,0.0%,0.3%,4.2%,3.7%,4.0%,4.5%,3.6%,3.6%
2024-01-04 10:36:10,54.1%,0.0%,0.0%,0.5%,1.3%,1.2%,1.3%,1.2%,1.3%,1.2%,2.2%,0.2%,0.4%,0.3%,0.4%,0.3%,0.4%,0.3%,0.4%,0.0%,0.5%,0.4%,0.4%,,0.4%,0.5%,0.5%,0.4%,0.4%,0.5%,0.2%,0.4%,0.0%,0.4%,0.4%,0.4%,0.4%,0.4%,0.4%,0.4%,0.5%,0.6%,0.4%,0.4%,0.4%,0.4%,0.4%,0.0%,0.4%,0.3%,0.3%,0.6%,0.3%,0.0%,0.4%,0.5%,0.0%,0.4%,4.7%,4.3%,4.3%,4.7%,4.0%,4.1%
2024-01-04 10:36:15,53.3%,0.0%,0.0%,0.5%,1.2%,1.1%,1.2%,1.1%,1.2%,1.1%,2.1%,0.1%,0.3%,0.4%,0.4%,0.3%,0.4%,0.3%,0.4%,0.0%,0.5%,0.4%,0.3%,,0.4%,0.5%,0.4%,0.4%,0.4%,0.4%,0.2%,0.4%,0.0%,0.4%,0.4%,0.4%,0.4%,0.4%,0.3%,0.4%,0.5%,0.6%,0.4%,0.4%,0.4%,0.4%,0.4%,0.0%,0.4%,0.3%,0.5%,0.6%,0.3%,0.0%,0.3%,0.4%,0.0%,0.3%,4.3%,3.8%,3.8%,4.4%,3.6%,3.6%
2024-01-04 10:36:20,53.6%,0.0%,0.0%,0.5%,1.3%,1.2%,1.3%,1.2%,1.3%,1.2%,2.1%,0.1%,0.4%,0.3%,0.4%,0.2%,0.4%,0.3%,0.3%,0.0%,0.5%,0.4%,0.3%,,0.4%,0.5%,0.4%,0.4%,0.4%,0.4%,0.2%,0.4%,0.0%,0.4%,0.4%,0.4%,0.4%,0.4%,0.3%,0.4%,0.5%,0.6%,0.3%,0.4%,0.4%,0.4%,0.4%,0.0%,0.4%,0.3%,0.5%,0.6%,0.5%,0.0%,0.3%,0.4%,0.0%,0.3%,4.8%,4.3%,4.3%,4.7%,4.0%,4.1%
2024-01-04 10:36:25,53.7%,0.0%,0.0%,0.5%,1.2%,1.2%,1.2%,1.1%,1.2%,1.1%,2.2%,0.1%,0.3%,0.3%,0.3%,0.2%,0.4%,0.4%,0.3%,0.0%,0.5%,0.3%,0.2%,,0.3%,0.5%,0.4%,0.4%,0.4%,0.5%,0.2%,0.3%,0.0%,0.4%,0.4%,0.4%,0.5%,0.4%,0.6%,0.3%,0.4%,0.6%,0.3%,0.4%,0.4%,0.3%,0.4%,0.0%,0.4%,0.3%,0.5%,0.3%,0.5%,0.0%,0.3%,0.4%,0.0%,0.4%,4.3%,3.7%,3.8%,4.6%,3.6%,3.6%
2024-01-04 10:36:30,53.2%,0.0%,0.0%,0.5%,1.4%,1.2%,1.3%,1.2%,1.3%,1.2%,2.1%,0.1%,0.3%,0.3%,0.3%,0.3%,0.4%,0.4%,0.3%,0.0%,0.6%,0.4%,0.2%,,0.3%,0.5%,0.5%,0.4%,0.4%,0.4%,0.2%,0.3%,0.0%,0.4%,0.4%,0.4%,0.5%,0.4%,0.5%,0.3%,0.4%,0.6%,0.3%,0.4%,0.4%,0.5%,0.4%,0.0%,0.4%,0.3%,0.5%,0.5%,0.5%,0.0%,0.3%,0.4%,0.0%,0.4%,4.6%,4.2%,4.4%,5.1%,4.1%,4.1%
2024-01-04 10:36:35,52.8%,0.0%,0.0%,0.5%,1.2%,1.1%,1.2%,1.1%,1.2%,1.1%,2.0%,0.1%,0.3%,0.3%,0.3%,0.3%,0.4%,0.4%,0.3%,0.0%,0.5%,0.4%,0.2%,,0.3%,0.4%,0.5%,0.3%,0.5%,0.4%,0.2%,0.4%,0.0%,0.5%,0.3%,0.3%,0.4%,0.4%,0.5%,0.3%,0.4%,0.6%,0.4%,0.4%,0.4%,0.5%,0.4%,0.0%,0.5%,0.3%,0.4%,0.5%,0.5%,0.0%,0.3%,0.4%,0.0%,0.3%,4.2%,3.8%,3.9%,4.7%,3.7%,3.7%
2024-01-04 10:36:40,52.7%,0.0%,0.0%,0.5%,1.3%,1.2%,1.3%,1.2%,1.3%,1.2%,1.9%,0.1%,0.3%,0.3%,0.3%,0.3%,0.4%,0.4%,0.3%,0.0%,0.5%,0.4%,0.2%,,0.3%,0.4%,0.5%,0.3%,0.4%,0.4%,0.2%,0.4%,0.0%,0.5%,0.3%,0.5%,0.5%,0.4%,0.5%,0.3%,0.4%,0.6%,0.4%,0.4%,0.4%,0.5%,0.4%,0.0%,0.5%,0.3%,0.4%,0.5%,0.4%,0.0%,0.4%,0.4%,0.0%,0.3%,4.5%,4.3%,4.3%,4.8%,4.0%,4.1%
2024-01-04 10:36:45,52.9%,0.0%,0.0%,0.5%,1.2%,1.1%,1.2%,1.1%,1.2%,1.1%,2.0%,0.1%,0.3%,0.3%,0.3%,0.3%,0.3%,0.4%,0.2%,0.0%,0.5%,0.4%,0.4%,,0.5%,0.6%,0.5%,0.3%,0.4%,0.4%,0.2%,0.4%,0.0%,0.5%,0.3%,0.4%,0.4%,0.2%,0.5%,0.2%,0.4%,0.6%,0.4%,0.3%,0.4%,0.5%,0.3%,0.0%,0.5%,0.3%,0.4%,0.5%,0.5%,0.0%,0.4%,0.4%,0.0%,0.4%,4.2%,3.9%,3.8%,4.6%,3.6%,3.6%
2024-01-04 10:36:50,53.3%,0.0%,0.0%,0.5%,1.3%,1.2%,1.3%,1.2%,1.3%,1.2%,1.8%,0.1%,0.3%,0.3%,0.3%,0.3%,0.3%,0.4%,0.2%,0.0%,0.3%,0.4%,0.4%,,0.5%,0.6%,0.5%,0.2%,0.4%,0.4%,0.2%,0.4%,0.0%,0.5%,0.4%,0.4%,0.4%,0.2%,0.5%,0.4%,0.4%,0.6%,0.4%,0.2%,0.3%,0.5%,0.3%,0.0%,0.5%,0.3%,0.4%,0.5%,0.5%,0.0%,0.4%,0.4%,0.0%,0.4%,4.6%,4.4%,3.8%,4.3%,3.9%,4.0%
2024-01-04 10:36:55,52.6%,0.0%,0.0%,0.5%,1.2%,1.1%,1.2%,1.1%,1.2%,1.1%,2.0%,0.1%,0.3%,0.3%,0.3%,0.3%,0.3%,0.3%,0.2%,0.0%,0.3%,0.4%,0.4%,,0.5%,0.5%,0.5%,0.2%,0.4%,0.3%,0.2%,0.4%,0.0%,0.5%,0.4%,0.4%,0.4%,0.2%,0.5%,0.3%,0.2%,0.3%,0.4%,0.2%,0.2%,0.4%,0.3%,0.0%,0.4%,0.3%,0.4%,0.5%,0.4%,0.0%,0.3%,0.4%,0.0%,0.4%,4.2%,4.0%,3.8%,4.4%,3.5%,3.9%
2024-01-04 10:37:00,53.1%,0.0%,0.0%,0.5%,1.3%,1.2%,1.3%,1.2%,1.3%,1.3%,1.9%,0.1%,0.3%,0.3%,0.2%,0.3%,0.2%,0.3%,0.2%,0.0%,0.3%,0.2%,0.4%,,0.5%,0.5%,0.5%,0.3%,0.4%,0.3%,0.2%,0.4%,0.0%,0.5%,0.4%,0.4%,0.4%,0.2%,0.5%,0.3%,0.2%,0.3%,0.4%,0.2%,0.4%,0.4%,0.2%,0.0%,0.4%,0.3%,0.4%,0.5%,0.4%,0.0%,0.4%,0.4%,0.0%,0.4%,4.7%,4.4%,4.1%,4.8%,4.0%,4.1%
2024-01-04 10:37:05,53.5%,0.0%,0.0%,0.5%,1.2%,1.1%,1.2%,1.1%,1.2%,1.1%,1.9%,0.1%,0.2%,0.3%,0.2%,0.3%,0.2%,0.3%,0.2%,0.0%,0.3%,0.2%,0.4%,,0.4%,0.4%,0.4%,0.3%,0.4%,0.3%,0.2%,0.3%,0.0%,0.4%,0.4%,0.3%,0.4%,0.2%,0.5%,0.3%,0.2%,0.2%,0.4%,0.2%,0.4%,0.4%,0.2%,0.0%,0.3%,0.3%,0.4%,0.4%,0.4%,0.0%,0.3%,0.2%,0.0%,0.4%,4.1%,3.7%,3.6%,4.7%,3.5%,3.6%
2024-01-04 10:37:10,53.5%,0.0%,0.0%,0.5%,1.3%,1.2%,1.3%,1.2%,1.3%,1.2%,2.0%,0.1%,0.2%,0.2%,0.2%,0.3%,0.2%,0.4%,0.2%,0.0%,0.3%,0.2%,0.4%,,0.4%,0.4%,0.4%,0.3%,0.4%,0.3%,0.2%,0.3%,0.0%,0.4%,0.4%,0.3%,0.4%,0.3%,0.5%,0.3%,0.2%,0.2%,0.4%,0.2%,0.4%,0.4%,0.2%,0.0%,0.4%,0.3%,0.2%,0.4%,0.5%,0.0%,0.3%,0.2%,0.0%,0.4%,4.6%,4.2%,4.2%,4.9%,4.2%,4.1%
2024-01-04 10:37:15,53.7%,0.0%,0.0%,0.5%,1.2%,1.1%,1.2%,1.1%,1.2%,1.2%,2.0%,0.1%,0.2%,0.2%,0.2%,0.3%,0.2%,0.4%,0.2%,0.0%,0.3%,0.2%,0.3%,,0.4%,0.4%,0.4%,0.4%,0.3%,0.3%,0.2%,0.3%,0.0%,0.4%,0.4%,0.4%,0.4%,0.3%,0.5%,0.3%,0.2%,0.3%,0.4%,0.2%,0.4%,0.4%,0.2%,0.0%,0.4%,0.3%,0.2%,0.4%,0.2%,0.0%,0.3%,0.2%,0.0%,0.4%,4.2%,3.7%,3.8%,4.6%,3.7%,3.7%
2024-01-04 10:37:20,54.3%,0.0%,0.0%,0.5%,1.3%,1.2%,1.3%,1.2%,1.3%,1.3%,2.0%,0.1%,0.2%,0.2%,0.2%,0.3%,0.3%,0.2%,0.2%,0.0%,0.4%,0.2%,0.4%,,0.4%,0.4%,0.4%,0.4%,0.3%,0.2%,0.2%,0.3%,0.0%,0.6%,0.4%,0.3%,0.2%,0.3%,0.2%,0.3%,0.3%,0.4%,0.4%,0.3%,0.4%,0.4%,0.2%,0.0%,0.4%,0.3%,0.2%,0.5%,0.2%,0.0%,0.3%,0.2%,0.0%,0.4%,4.8%,4.2%,4.2%,4.8%,4.2%,4.1%
2024-01-04 10:37:25,54.2%,0.0%,0.0%,0.5%,1.2%,1.1%,1.2%,1.2%,1.2%,1.2%,1.9%,0.1%,0.3%,0.2%,0.3%,0.2%,0.3%,0.2%,0.2%,0.0%,0.4%,0.3%,0.3%,,0.5%,0.4%,0.3%,0.4%,0.3%,0.2%,0.2%,0.3%,0.0%,0.6%,0.4%,0.4%,0.2%,0.3%,0.2%,0.3%,0.3%,0.4%,0.4%,0.3%,0.4%,0.2%,0.3%,0.0%,0.3%,0.3%,0.2%,0.3%,0.2%,0.0%,0.3%,0.2%,0.0%,0.4%,4.4%,3.8%,3.6%,4.3%,3.6%,3.6%
2024-01-04 10:37:30,54.4%,0.0%,0.0%,0.5%,1.3%,1.2%,1.3%,1.2%,1.3%,1.3%,2.0%,0.1%,0.3%,0.2%,0.3%,0.2%,0.3%,0.2%,0.3%,0.0%,0.4%,0.3%,0.3%,,0.5%,0.4%,0.3%,0.4%,0.2%,0.2%,0.2%,0.2%,0.0%,0.5%,0.4%,0.4%,0.2%,0.3%,0.2%,0.3%,0.3%,0.4%,0.3%,0.3%,0.4%,0.2%,0.3%,0.0%,0.2%,0.2%,0.2%,0.3%,0.2%,0.0%,0.3%,0.4%,0.0%,0.4%,4.8%,4.2%,4.1%,4.6%,4.0%,4.1%
2024-01-04 10:37:35,55.0%,0.0%,0.0%,0.5%,1.2%,1.1%,1.2%,1.1%,1.2%,1.2%,2.0%,0.1%,0.3%,0.2%,0.3%,0.2%,0.3%,0.3%,0.3%,0.0%,0.4%,0.3%,0.3%,,0.5%,0.4%,0.3%,0.4%,0.2%,0.2%,0.2%,0.2%,0.0%,0.5%,0.4%,0.2%,0.2%,0.3%,0.2%,0.3%,0.3%,0.4%,0.3%,0.3%,0.4%,0.2%,0.3%,0.0%,0.2%,0.2%,0.3%,0.2%,0.4%,0.0%,0.2%,0.4%,0.0%,0.4%,4.4%,3.7%,3.7%,4.3%,3.5%,3.6%
2024-01-04 10:37:40,54.6%,0.0%,0.0%,0.5%,1.3%,1.2%,1.3%,1.2%,1.3%,1.3%,2.1%,0.1%,0.3%,0.3%,0.3%,0.2%,0.3%,0.5%,0.3%,0.0%,0.4%,0.3%,0.2%,,0.2%,0.2%,0.3%,0.4%,0.2%,0.2%,0.2%,0.2%,0.0%,0.5%,0.4%,0.2%,0.2%,0.3%,0.2%,0.4%,0.3%,0.4%,0.3%,0.3%,0.4%,0.2%,0.3%,0.0%,0.2%,0.2%,0.3%,0.3%,0.4%,0.0%,0.2%,0.4%,0.0%,0.2%,4.7%,4.3%,4.0%,4.7%,3.9%,4.0%
2024-01-04 10:37:45,54.2%,0.0%,0.0%,0.5%,1.2%,1.1%,1.2%,1.2%,1.2%,1.2%,2.1%,0.1%,0.3%,0.3%,0.3%,0.3%,0.3%,0.4%,0.3%,0.0%,0.4%,0.3%,0.3%,,0.2%,0.2%,0.3%,0.4%,0.2%,0.3%,0.2%,0.2%,0.0%,0.5%,0.2%,0.2%,0.2%,0.3%,0.2%,0.2%,0.3%,0.4%,0.3%,0.3%,0.4%,0.2%,0.3%,0.0%,0.2%,0.3%,0.3%,0.3%,0.4%,0.0%,0.2%,0.4%,0.0%,0.2%,4.3%,3.7%,3.5%,4.7%,3.7%,3.6%
2024-01-04 10:37:50,54.5%,0.0%,0.0%,0.6%,1.3%,1.2%,1.3%,1.3%,1.3%,1.2%,2.0%,0.1%,0.3%,0.3%,0.3%,0.3%,0.3%,0.5%,0.3%,0.0%,0.4%,0.3%,0.3%,,0.2%,0.2%,0.5%,0.4%,0.2%,0.3%,0.2%,0.2%,0.0%,0.5%,0.2%,0.2%,0.2%,0.4%,0.2%,0.3%,0.3%,0.4%,0.3%,0.3%,0.4%,0.2%,0.3%,0.0%,0.2%,0.3%,0.3%,0.4%,0.4%,0.0%,0.2%,0.4%,0.0%,0.2%,4.8%,3.9%,4.0%,5.0%,4.1%,4.2%
2024-01-04 10:37:55,53.8%,0.0%,0.0%,0.6%,1.2%,1.1%,1.2%,1.2%,1.2%,1.1%,2.1%,0.1%,0.3%,0.3%,0.3%,0.3%,0.3%,0.5%,0.3%,0.0%,0.4%,0.3%,0.3%,,0.2%,0.2%,0.5%,0.3%,0.3%,0.3%,0.3%,0.2%,0.0%,0.5%,0.2%,0.2%,0.2%,0.3%,0.2%,0.3%,0.3%,0.4%,0.4%,0.3%,0.2%,0.2%,0.3%,0.0%,0.3%,0.3%,0.3%,0.4%,0.4%,0.0%,0.3%,0.4%,0.0%,0.2%,4.5%,3.7%,3.6%,4.6%,3.6%,3.6%
2024-01-04 10:38:00,54.1%,0.0%,0.0%,0.5%,1.3%,1.2%,1.3%,1.3%,1.2%,1.2%,2.1%,0.1%,0.3%,0.3%,0.3%,0.3%,0.3%,0.6%,0.3%,0.0%,0.4%,0.3%,0.4%,,0.3%,0.2%,0.5%,0.3%,0.4%,0.3%,0.3%,0.4%,0.0%,0.5%,0.2%,0.3%,0.3%,0.4%,0.2%,0.3%,0.3%,0.4%,0.4%,0.3%,0.2%,0.2%,0.3%,0.0%,0.3%,0.3%,0.3%,0.4%,0.5%,0.0%,0.3%,0.4%,0.0%,0.2%,4.9%,3.9%,4.1%,4.3%,4.0%,4.1%
2024-01-04 10:38:05,54.4%,0.0%,0.0%,0.5%,1.2%,1.2%,1.2%,1.3%,1.2%,1.2%,2.1%,0.1%,0.3%,0.3%,0.3%,0.3%,0.3%,0.6%,0.4%,0.0%,0.3%,0.3%,0.4%,,0.3%,0.2%,0.5%,0.3%,0.4%,0.3%,0.3%,0.4%,0.0%,0.5%,0.3%,0.3%,0.3%,0.2%,0.2%,0.3%,0.3%,0.4%,0.4%,0.3%,0.2%,0.2%,0.3%,0.0%,0.4%,0.5%,0.3%,0.4%,0.4%,0.0%,0.3%,0.4%,0.0%,0.2%,4.4%,3.7%,3.5%,4.5%,3.4%,3.6%
2024-01-04 10:38:10,54.4%,0.0%,0.0%,0.5%,1.3%,1.2%,1.3%,1.4%,1.3%,1.2%,2.2%,0.1%,0.3%,0.3%,0.3%,0.3%,0.3%,0.6%,0.4%,0.0%,0.3%,0.3%,0.4%,,0.3%,0.2%,0.5%,0.2%,0.4%,0.3%,0.3%,0.4%,0.0%,0.5%,0.4%,0.3%,0.3%,0.2%,0.2%,0.5%,0.3%,0.3%,0.4%,0.3%,0.2%,0.2%,0.3%,0.0%,0.4%,0.5%,0.3%,0.5%,0.4%,0.0%,0.3%,0.4%,0.0%,0.2%,4.7%,4.1%,3.9%,4.8%,3.8%,3.9%
2024-01-04 10:38:15,53.3%,0.0%,0.0%,0.5%,1.3%,1.2%,1.2%,1.3%,1.2%,1.2%,2.1%,0.1%,0.2%,0.3%,0.3%,0.3%,0.2%,0.6%,0.4%,0.0%,0.2%,0.3%,0.4%,,0.3%,0.2%,0.5%,0.2%,0.4%,0.4%,0.3%,0.4%,0.0%,0.4%,0.4%,0.3%,0.3%,0.2%,0.2%,0.5%,0.2%,0.2%,0.3%,0.2%,0.3%,0.2%,0.3%,0.0%,0.4%,0.5%,0.3%,0.4%,0.5%,0.0%,0.4%,0.4%,0.0%,0.2%,4.1%,3.6%,3.5%,4.4%,3.3%,3.4%
2024-01-04 10:38:20,54.2%,0.0%,0.0%,0.5%,1.3%,1.2%,1.3%,1.5%,1.2%,1.2%,2.1%,0.1%,0.2%,0.3%,0.2%,0.3%,0.2%,0.6%,0.4%,0.0%,0.2%,0.2%,0.5%,,0.3%,0.2%,0.5%,0.2%,0.4%,0.4%,0.4%,0.4%,0.0%,0.4%,0.4%,0.4%,0.3%,0.2%,0.2%,0.5%,0.2%,0.2%,0.3%,0.2%,0.3%,0.2%,0.2%,0.0%,0.4%,0.5%,0.3%,0.5%,0.5%,0.0%,0.4%,0.4%,0.0%,0.2%,4.5%,3.9%,4.0%,4.8%,3.8%,3.9%
2024-01-04 10:38:25,53.9%,0.0%,0.0%,0.5%,1.2%,1.1%,1.2%,1.4%,1.2%,1.1%,2.1%,0.1%,0.2%,0.3%,0.2%,0.3%,0.2%,0.6%,0.4%,0.0%,0.2%,0.2%,0.5%,,0.3%,0.2%,0.6%,0.2%,0.5%,0.4%,0.4%,0.4%,0.0%,0.4%,0.4%,0.3%,0.3%,0.2%,0.2%,0.5%,0.2%,0.2%,0.4%,0.2%,0.3%,0.2%,0.2%,0.0%,0.3%,0.5%,0.3%,0.4%,0.5%,0.0%,0.4%,0.2%,0.0%,0.2%,4.1%,3.5%,3.5%,4.7%,3.5%,3.4%
2024-01-04 10:38:30,53.4%,0.0%,0.1%,0.5%,1.3%,1.2%,1.3%,1.6%,1.3%,1.2%,2.2%,0.1%,0.2%,0.3%,0.2%,0.3%,0.2%,0.6%,0.4%,0.0%,0.2%,0.2%,0.5%,,0.4%,0.3%,0.7%,0.2%,0.5%,0.4%,0.4%,0.4%,0.0%,0.5%,0.4%,0.3%,0.4%,0.2%,0.2%,0.5%,0.2%,0.2%,0.4%,0.2%,0.3%,0.2%,0.3%,0.0%,0.4%,0.6%,0.2%,0.5%,0.4%,0.0%,0.4%,0.2%,0.0%,0.2%,4.6%,4.0%,4.1%,5.0%,4.0%,3.9%
2024-01-04 10:38:35,53.9%,0.0%,0.1%,0.5%,1.2%,1.2%,1.2%,1.5%,1.2%,1.1%,2.0%,0.1%,0.2%,0.2%,0.2%,0.3%,0.2%,0.4%,0.4%,0.0%,0.2%,0.2%,0.5%,,0.3%,0.3%,0.7%,0.2%,0.5%,0.4%,0.4%,0.4%,0.0%,0.5%,0.4%,0.3%,0.4%,0.3%,0.2%,0.5%,0.2%,0.2%,0.4%,0.2%,0.3%,0.2%,0.3%,0.0%,0.4%,0.6%,0.2%,0.5%,0.4%,0.0%,0.4%,0.2%,0.0%,0.2%,4.1%,3.4%,3.7%,4.7%,3.6%,3.6%
2024-01-04 10:38:40,54.5%,0.0%,0.1%,0.5%,1.4%,1.2%,1.3%,1.7%,1.3%,1.2%,1.9%,0.1%,0.2%,0.2%,0.2%,0.2%,0.2%,0.4%,0.5%,0.0%,0.2%,0.2%,0.4%,,0.4%,0.3%,0.6%,0.2%,0.5%,0.4%,0.5%,0.4%,0.0%,0.5%,0.4%,0.3%,0.3%,0.3%,0.2%,0.5%,0.2%,0.2%,0.4%,0.2%,0.3%,0.3%,0.3%,0.0%,0.5%,0.5%,0.2%,0.5%,0.4%,0.0%,0.4%,0.2%,0.0%,0.3%,4.4%,3.8%,4.2%,4.6%,4.0%,4.1%
2024-01-04 10:38:45,54.0%,0.0%,0.1%,0.5%,1.3%,1.1%,1.2%,1.7%,1.2%,1.2%,2.0%,0.1%,0.2%,0.2%,0.2%,0.2%,0.2%,0.4%,0.4%,0.0%,0.2%,0.2%,0.4%,,0.4%,0.4%,0.5%,0.2%,0.5%,0.3%,0.5%,0.4%,0.0%,0.5%,0.4%,0.4%,0.3%,0.3%,0.2%,0.5%,0.2%,0.2%,0.3%,0.3%,0.3%,0.3%,0.3%,0.0%,0.4%,0.5%,0.2%,0.4%,0.4%,0.0%,0.5%,0.2%,0.0%,0.3%,4.1%,3.6%,3.6%,4.3%,3.5%,3.5%
2024-01-04 10:38:50,53.8%,0.0%,0.0%,0.5%,1.4%,1.2%,1.3%,1.8%,1.3%,1.2%,2.0%,0.1%,0.2%,0.2%,0.4%,0.2%,0.2%,0.4%,0.5%,0.0%,0.2%,0.2%,0.5%,,0.4%,0.4%,0.5%,0.2%,0.4%,0.4%,0.5%,0.4%,0.0%,0.5%,0.5%,0.5%,0.3%,0.3%,0.2%,0.5%,0.2%,0.2%,0.3%,0.3%,0.4%,0.4%,0.3%,0.0%,0.3%,0.6%,0.2%,0.4%,0.4%,0.0%,0.4%,0.2%,0.0%,0.3%,4.3%,3.6%,4.1%,4.7%,4.0%,3.8%
2024-01-04 10:38:55,54.1%,0.0%,0.1%,0.4%,1.3%,1.1%,1.2%,1.7%,1.2%,1.1%,2.0%,0.1%,0.3%,0.2%,0.4%,0.2%,0.2%,0.3%,0.5%,0.0%,0.2%,0.2%,0.4%,,0.4%,0.4%,0.5%,0.2%,0.3%,0.4%,0.5%,0.3%,0.0%,0.5%,0.5%,0.4%,0.3%,0.3%,0.2%,0.4%,0.3%,0.2%,0.3%,0.3%,0.3%,0.4%,0.3%,0.0%,0.3%,0.6%,0.4%,0.4%,0.4%,0.0%,0.4%,0.2%,0.0%,0.3%,3.9%,3.7%,3.7%,4.3%,3.6%,3.4%
2024-01-04 10:39:00,53.8%,0.0%,0.0%,0.5%,1.4%,1.2%,1.3%,1.8%,1.3%,1.2%,2.0%,0.1%,0.3%,0.2%,0.4%,0.2%,0.2%,0.3%,0.4%,0.0%,0.2%,0.2%,0.4%,,0.4%,0.5%,0.5%,0.2%,0.3%,0.4%,0.5%,0.3%,0.0%,0.5%,0.5%,0.4%,0.3%,0.3%,0.2%,0.5%,0.3%,0.2%,0.3%,0.3%,0.3%,0.4%,0.4%,0.0%,0.3%,0.5%,0.4%,0.4%,0.4%,0.0%,0.4%,0.3%,0.0%,0.3%,4.7%,4.0%,4.2%,4.6%,4.1%,3.7%
2024-01-04 10:39:05,53.5%,0.0%,0.1%,0.5%,1.2%,1.1%,1.2%,1.7%,1.2%,1.1%,1.9%,0.1%,0.4%,0.2%,0.4%,0.2%,0.2%,0.3%,0.4%,0.0%,0.2%,0.3%,0.4%,,0.4%,0.5%,0.5%,0.2%,0.3%,0.4%,0.5%,0.3%,0.0%,0.5%,0.4%,0.4%,0.5%,0.3%,0.2%,0.3%,0.3%,0.3%,0.3%,0.3%,0.3%,0.4%,0.4%,0.0%,0.3%,0.4%,0.4%,0.3%,0.3%,0.0%,0.4%,0.3%,0.0%,0.3%,4.3%,3.6%,3.8%,4.4%,3.7%,3.5%
2024-01-04 10:39:10,54.7%,0.0%,0.0%,0.5%,1.3%,1.2%,1.2%,1.8%,1.3%,1.2%,2.0%,0.1%,0.4%,0.2%,0.4%,0.2%,0.2%,0.3%,0.4%,0.0%,0.2%,0.3%,0.4%,,0.4%,0.5%,0.6%,0.2%,0.4%,0.5%,0.5%,0.4%,0.0%,0.5%,0.3%,0.4%,0.5%,0.3%,0.3%,0.3%,0.3%,0.3%,0.4%,0.3%,0.4%,0.4%,0.4%,0.0%,0.3%,0.4%,0.4%,0.3%,0.3%,0.0%,0.4%,0.3%,0.0%,0.4%,4.5%,3.9%,4.4%,4.9%,4.2%,4.0%
2024-01-04 10:39:15,54.5%,0.0%,0.0%,0.5%,1.2%,1.1%,1.2%,1.7%,1.2%,1.2%,2.0%,0.1%,0.4%,0.2%,0.4%,0.3%,0.3%,0.3%,0.4%,0.0%,0.2%,0.3%,0.3%,,0.4%,0.5%,0.5%,0.2%,0.3%,0.5%,0.5%,0.4%,0.0%,0.4%,0.3%,0.4%,0.4%,0.4%,0.3%,0.3%,0.3%,0.3%,0.4%,0.3%,0.4%,0.4%,0.4%,0.0%,0.3%,0.4%,0.4%,0.4%,0.3%,0.0%,0.4%,0.2%,0.0%,0.4%,4.4%,3.6%,3.9%,4.6%,3.9%,3.6%
2024-01-04 10:39:20,55.1%,0.0%,0.0%,0.5%,1.3%,1.2%,1.3%,1.8%,1.3%,1.3%,1.9%,0.3%,0.4%,0.2%,0.5%,0.3%,0.3%,0.3%,0.3%,0.0%,0.2%,0.3%,0.3%,,0.4%,0.5%,0.4%,0.3%,0.3%,0.5%,0.5%,0.4%,0.0%,0.5%,0.3%,0.4%,0.6%,0.4%,0.3%,0.3%,0.3%,0.3%,0.3%,0.4%,0.4%,0.4%,0.4%,0.0%,0.4%,0.4%,0.4%,0.4%,0.3%,0.0%,0.4%,0.3%,0.0%,0.4%,4.7%,4.0%,4.4%,4.8%,4.0%,4.1%
2024-01-04 10:39:25,55.1%,0.0%,0.0%,0.5%,1.2%,1.1%,1.1%,1.7%,1.2%,1.1%,1.9%,0.3%,0.4%,0.2%,0.5%,0.3%,0.3%,0.3%,0.3%,0.0%,0.3%,0.3%,0.3%,,0.4%,0.4%,0.4%,0.3%,0.3%,0.5%,0.5%,0.5%,0.0%,0.4%,0.4%,0.4%,0.6%,0.4%,0.3%,0.3%,0.4%,0.3%,0.3%,0.4%,0.4%,0.5%,0.4%,0.0%,0.3%,0.3%,0.4%,0.4%,0.3%,0.0%,0.4%,0.3%,0.0%,0.4%,4.2%,3.4%,3.7%,4.4%,3.7%,3.5%
2024-01-04 10:39:30,54.4%,0.0%,0.0%,0.6%,1.3%,1.2%,1.2%,1.7%,1.3%,1.2%,1.9%,0.3%,0.4%,0.2%,0.5%,0.3%,0.3%,0.4%,0.3%,0.0%,0.3%,0.3%,0.4%,,0.4%,0.4%,0.4%,0.3%,0.3%,0.5%,0.5%,0.5%,0.0%,0.6%,0.4%,0.5%,0.6%,0.3%,0.3%,0.3%,0.4%,0.3%,0.3%,0.4%,0.3%,0.4%,0.4%,0.0%,0.3%,0.3%,0.4%,0.4%,0.2%,0.0%,0.4%,0.3%,0.0%,0.6%,4.7%,4.1%,4.1%,4.8%,4.1%,4.0%
2024-01-04 10:39:35,53.5%,0.0%,0.0%,0.6%,1.2%,1.1%,1.1%,1.6%,1.2%,1.1%,1.9%,0.3%,0.4%,0.3%,0.5%,0.3%,0.3%,0.4%,0.3%,0.0%,0.3%,0.3%,0.4%,,0.4%,0.5%,0.4%,0.3%,0.3%,0.5%,0.3%,0.5%,0.0%,0.5%,0.4%,0.4%,0.6%,0.3%,0.3%,0.3%,0.4%,0.3%,0.3%,0.4%,0.3%,0.4%,0.4%,0.0%,0.3%,0.3%,0.4%,0.4%,0.2%,0.0%,0.3%,0.3%,0.0%,0.5%,4.3%,3.7%,3.6%,4.5%,3.8%,3.5%
2024-01-04 10:39:40,54.3%,0.0%,0.0%,0.5%,1.3%,1.2%,1.3%,1.6%,1.3%,1.2%,2.0%,0.3%,0.4%,0.3%,0.5%,0.4%,0.3%,0.3%,0.3%,0.0%,0.3%,0.3%,0.4%,,0.3%,0.5%,0.4%,0.4%,0.3%,0.5%,0.3%,0.5%,0.0%,0.5%,0.4%,0.4%,0.6%,0.3%,0.3%,0.3%,0.4%,0.3%,0.3%,0.3%,0.4%,0.3%,0.4%,0.0%,0.3%,0.3%,0.4%,0.4%,0.3%,0.0%,0.3%,0.3%,0.0%,0.5%,4.3%,3.9%,4.2%,4.9%,4.4%,4.1%
2024-01-04 10:39:45,54.2%,0.0%,0.0%,0.5%,1.2%,1.1%,1.2%,1.5%,1.2%,1.2%,2.1%,0.3%,0.4%,0.3%,0.4%,0.4%,0.3%,0.4%,0.3%,0.0%,0.3%,0.3%,0.5%,,0.3%,0.5%,0.4%,0.3%,0.3%,0.4%,0.3%,0.5%,0.0%,0.5%,0.3%,0.4%,0.6%,0.3%,0.3%,0.3%,0.4%,0.3%,0.3%,0.3%,0.5%,0.3%,0.4%,0.0%,0.3%,0.3%,0.4%,0.5%,0.3%,0.0%,0.3%,0.3%,0.0%,0.5%,4.4%,3.4%,3.9%,4.5%,3.9%,3.9%
2024-01-04 10:39:50,53.7%,0.0%,0.0%,0.6%,1.3%,1.2%,1.3%,1.5%,1.4%,1.3%,2.0%,0.3%,0.3%,0.3%,0.3%,0.4%,0.3%,0.3%,0.5%,0.0%,0.3%,0.3%,0.5%,,0.3%,0.5%,0.4%,0.3%,0.3%,0.6%,0.3%,0.5%,0.0%,0.5%,0.3%,0.3%,0.6%,0.3%,0.3%,0.4%,0.4%,0.3%,0.3%,0.3%,0.5%,0.3%,0.4%,0.0%,0.3%,0.3%,0.3%,0.5%,0.3%,0.0%,0.3%,0.3%,0.0%,0.5%,4.8%,4.0%,4.4%,4.8%,4.3%,4.3%
2024-01-04 10:39:55,53.8%,0.0%,0.0%,0.5%,1.2%,1.1%,1.2%,1.4%,1.3%,1.2%,2.1%,0.3%,0.3%,0.3%,0.3%,0.4%,0.3%,0.3%,0.4%,0.0%,0.3%,0.3%,0.5%,,0.4%,0.4%,0.4%,0.3%,0.3%,0.6%,0.3%,0.5%,0.0%,0.5%,0.3%,0.3%,0.7%,0.3%,0.5%,0.3%,0.4%,0.3%,0.3%,0.3%,0.5%,0.3%,0.4%,0.0%,0.3%,0.3%,0.3%,0.5%,0.3%,0.0%,0.4%,0.3%,0.0%,0.5%,4.1%,3.4%,3.8%,4.8%,3.7%,4.0%
2024-01-04 10:40:00,55.0%,0.0%,0.0%,0.6%,1.3%,1.2%,1.3%,1.4%,1.4%,1.3%,2.1%,0.3%,0.3%,0.3%,0.3%,0.4%,0.3%,0.3%,0.4%,0.0%,0.3%,0.2%,0.5%,,0.4%,0.4%,0.4%,0.3%,0.4%,0.6%,0.3%,0.5%,0.0%,0.5%,0.3%,0.4%,0.6%,0.3%,0.5%,0.3%,0.4%,0.3%,0.3%,0.3%,0.5%,0.6%,0.4%,0.0%,0.3%,0.3%,0.3%,0.5%,0.3%,0.0%,0.4%,0.3%,0.0%,0.5%,4.5%,3.8%,4.3%,5.1%,4.1%,4.3%
2024-01-04 10:40:05,53.8%,0.0%,0.0%,0.6%,1.2%,1.2%,1.2%,1.3%,1.3%,1.2%,2.1%,0.3%,0.3%,0.3%,0.3%,0.4%,0.3%,0.4%,0.4%,0.0%,0.3%,0.3%,0.5%,,0.4%,0.5%,0.4%,0.3%,0.3%,0.6%,0.3%,0.5%,0.0%,0.7%,0.3%,0.4%,0.5%,0.3%,0.5%,0.3%,0.4%,0.3%,0.3%,0.3%,0.5%,0.6%,0.3%,0.0%,0.4%,0.3%,0.3%,0.5%,0.3%,0.0%,0.4%,0.3%,0.0%,0.5%,4.0%,3.5%,3.7%,4.5%,3.6%,3.8%
2024-01-04 10:40:10,53.6%,0.0%,0.0%,0.5%,1.3%,1.2%,1.2%,1.3%,1.3%,1.3%,2.1%,0.3%,0.3%,0.3%,0.3%,0.4%,0.3%,0.3%,0.4%,0.0%,0.3%,0.3%,0.5%,,0.4%,0.4%,0.4%,0.4%,0.4%,0.4%,0.2%,0.5%,0.0%,0.7%,0.3%,0.4%,0.6%,0.2%,0.5%,0.3%,0.4%,0.3%,0.3%,0.3%,0.4%,0.6%,0.3%,0.0%,0.4%,0.3%,0.3%,0.3%,0.3%,0.0%,0.4%,0.3%,0.0%,0.6%,4.2%,4.0%,4.1%,4.8%,4.0%,4.2%
2024-01-04 10:40:15,53.9%,0.0%,0.0%,0.6%,1.2%,1.2%,1.2%,1.2%,1.3%,1.2%,2.1%,0.1%,0.3%,0.3%,0.2%,0.3%,0.3%,0.3%,0.4%,0.0%,0.3%,0.3%,0.5%,,0.4%,0.5%,0.4%,0.3%,0.3%,0.4%,0.3%,0.4%,0.0%,0.7%,0.3%,0.4%,0.4%,0.2%,0.5%,0.3%,0.3%,0.3%,0.3%,0.3%,0.4%,0.6%,0.3%,0.0%,0.3%,0.3%,0.3%,0.3%,0.3%,0.0%,0.4%,0.3%,0.0%,0.6%,4.3%,3.6%,3.7%,4.5%,3.8%,3.8%
2024-01-04 10:40:20,51.2%,0.0%,0.0%,0.5%,1.3%,1.3%,1.3%,1.3%,1.3%,1.3%,2.1%,0.1%,0.3%,0.3%,0.2%,0.4%,0.3%,0.3%,0.4%,0.0%,0.3%,0.2%,0.5%,,0.4%,0.7%,0.4%,0.3%,0.3%,0.4%,0.3%,0.3%,0.0%,0.7%,0.3%,0.4%,0.4%,0.2%,0.5%,0.3%,0.3%,0.3%,0.3%,0.3%,0.5%,0.6%,0.3%,0.0%,0.3%,0.3%,0.3%,0.3%,0.3%,0.0%,0.4%,0.3%,0.0%,0.6%,4.7%,4.1%,4.1%,4.9%,4.2%,4.4%
2024-01-04 10:40:25,54.2%,0.0%,0.0%,0.5%,1.2%,1.2%,1.2%,1.2%,1.2%,1.2%,2.0%,0.1%,0.3%,0.3%,0.2%,0.4%,0.2%,0.3%,0.4%,0.0%,0.3%,0.2%,0.3%,,0.3%,0.7%,0.4%,0.3%,0.3%,0.4%,0.2%,0.3%,0.0%,0.5%,0.3%,0.4%,0.4%,0.2%,0.5%,0.3%,0.3%,0.3%,0.3%,0.3%,0.4%,0.5%,0.3%,0.0%,0.3%,0.4%,0.3%,0.3%,0.3%,0.0%,0.4%,0.3%,0.0%,0.4%,4.2%,3.4%,3.9%,4.6%,3.7%,3.8%
2024-01-04 10:40:30,54.4%,0.0%,0.0%,0.5%,1.3%,1.3%,1.3%,1.2%,1.3%,1.1%,2.1%,0.1%,0.3%,0.2%,0.2%,0.3%,0.2%,0.3%,0.4%,0.0%,0.3%,0.2%,0.3%,,0.3%,0.5%,0.4%,0.2%,0.3%,0.4%,0.3%,0.3%,0.0%,0.6%,0.3%,0.4%,0.5%,0.2%,0.5%,0.3%,0.2%,0.3%,0.3%,0.3%,0.5%,0.6%,0.3%,0.0%,0.4%,0.4%,0.3%,0.3%,0.4%,0.0%,0.4%,0.2%,0.0%,0.4%,4.6%,3.8%,4.4%,4.9%,4.2%,4.2%
2024-01-04 10:40:35,54.1%,0.0%,0.3%,0.5%,1.2%,1.1%,1.2%,1.2%,1.2%,1.2%,2.0%,0.1%,0.2%,0.2%,0.2%,0.3%,0.2%,0.3%,0.4%,0.0%,0.3%,0.2%,0.3%,,0.4%,0.6%,0.4%,0.2%,0.3%,0.4%,0.3%,0.3%,0.0%,0.5%,0.3%,0.4%,0.5%,0.2%,0.5%,0.3%,0.3%,0.2%,0.3%,0.3%,0.4%,0.6%,0.3%,0.0%,0.4%,0.3%,0.3%,0.3%,0.3%,0.0%,0.4%,0.2%,0.0%,0.4%,4.2%,3.4%,3.9%,4.8%,3.6%,3.6%
2024-01-04 10:40:40,53.9%,0.0%,0.3%,0.5%,1.3%,1.3%,1.3%,1.2%,1.3%,1.3%,2.2%,0.1%,0.3%,0.2%,0.2%,0.2%,0.2%,0.3%,0.4%,0.0%,0.3%,0.2%,0.3%,,0.4%,0.6%,0.4%,0.2%,0.3%,0.4%,0.2%,0.3%,0.0%,0.6%,0.3%,0.4%,0.4%,0.2%,0.4%,0.3%,0.3%,0.2%,0.3%,0.3%,0.3%,0.6%,0.3%,0.0%,0.4%,0.3%,0.2%,0.3%,0.2%,0.0%,0.4%,0.2%,0.0%,0.4%,4.6%,4.0%,4.2%,5.1%,4.1%,3.9%
2024-01-04 10:40:45,54.3%,0.0%,0.4%,0.5%,1.2%,1.1%,1.2%,1.1%,1.2%,1.2%,2.5%,0.1%,0.3%,0.2%,0.2%,0.3%,0.2%,0.3%,0.2%,0.0%,0.4%,0.2%,0.3%,,0.4%,0.6%,0.3%,0.2%,0.3%,0.2%,0.2%,0.3%,0.0%,0.5%,0.3%,0.4%,0.4%,0.4%,0.4%,0.3%,0.2%,0.2%,0.2%,0.3%,0.3%,0.6%,0.2%,0.0%,0.4%,0.2%,0.2%,0.3%,0.2%,0.0%,0.3%,0.2%,0.0%,0.4%,4.4%,3.4%,3.8%,4.8%,3.7%,3.5%
2024-01-04 10:40:50,54.1%,0.0%,0.4%,0.5%,1.3%,1.2%,1.3%,1.2%,1.3%,1.2%,2.6%,0.1%,0.2%,0.2%,0.2%,0.2%,0.4%,0.3%,0.3%,0.0%,0.4%,0.2%,0.2%,,0.3%,0.6%,0.3%,0.2%,0.3%,0.3%,0.2%,0.3%,0.0%,0.5%,0.3%,0.3%,0.3%,0.4%,0.3%,0.3%,0.4%,0.2%,0.2%,0.3%,0.3%,0.6%,0.3%,0.0%,0.4%,0.2%,0.3%,0.3%,0.2%,0.0%,0.3%,0.2%,0.0%,0.4%,4.8%,4.0%,4.3%,4.9%,4.2%,3.8%
2024-01-04 10:40:55,53.0%,0.0%,0.4%,0.5%,1.2%,1.2%,1.2%,1.1%,1.2%,1.1%,2.5%,0.1%,0.2%,0.2%,0.2%,0.2%,0.4%,0.3%,0.2%,0.0%,0.4%,0.4%,0.2%,15.9%,0.3%,0.5%,0.3%,0.2%,0.2%,0.2%,0.2%,0.3%,0.0%,0.5%,0.3%,0.3%,0.3%,0.4%,0.3%,0.3%,0.4%,0.2%,0.2%,0.4%,0.3%,0.3%,0.2%,0.0%,0.3%,0.2%,0.3%,0.3%,0.2%,0.0%,0.2%,0.2%,0.0%,0.3%,4.4%,3.7%,3.9%,4.5%,3.8%,3.6%
2024-01-04 10:41:00,54.4%,0.0%,0.4%,0.5%,1.3%,1.3%,1.3%,1.2%,1.3%,1.2%,2.5%,0.1%,0.2%,0.2%,0.2%,0.3%,0.4%,0.3%,0.2%,0.0%,0.4%,0.4%,0.2%,25.3%,0.3%,0.5%,0.3%,0.2%,0.3%,0.3%,0.2%,0.3%,0.0%,0.3%,0.3%,0.3%,0.3%,0.4%,0.3%,0.3%,0.4%,0.2%,0.2%,0.5%,0.3%,0.3%,0.2%,0.0%,0.3%,0.2%,0.2%,0.2%,0.2%,0.0%,0.2%,0.3%,0.0%,0.4%,4.8%,4.1%,4.6%,5.0%,4.2%,4.0%
2024-01-04 10:41:05,54.3%,0.0%,0.4%,0.5%,1.2%,1.2%,1.2%,1.1%,1.2%,1.1%,2.5%,0.1%,0.2%,0.2%,0.2%,0.3%,0.4%,0.3%,0.2%,0.0%,0.4%,0.4%,0.3%,33.8%,0.3%,0.5%,0.3%,0.2%,0.3%,0.3%,0.3%,0.3%,0.0%,0.3%,0.3%,0.3%,0.3%,0.4%,0.3%,0.3%,0.4%,0.2%,0.2%,0.5%,0.3%,0.3%,0.2%,0.0%,0.3%,0.2%,0.2%,0.2%,0.4%,0.0%,0.2%,0.4%,0.0%,0.3%,4.2%,3.6%,4.1%,4.6%,3.9%,3.6%
2024-01-04 10:41:10,54.0%,0.0%,0.3%,0.5%,1.3%,1.1%,1.3%,1.2%,1.3%,1.3%,2.6%,0.1%,0.2%,0.2%,0.2%,0.2%,0.3%,0.4%,0.2%,0.0%,0.4%,0.4%,0.3%,42.1%,0.3%,0.4%,0.3%,0.2%,0.3%,0.3%,0.2%,0.2%,0.0%,0.3%,0.3%,0.3%,0.3%,0.4%,0.3%,0.3%,0.4%,0.2%,0.2%,0.5%,0.3%,0.3%,0.2%,0.0%,0.3%,0.2%,0.2%,0.3%,0.4%,0.0%,0.2%,0.3%,0.0%,0.2%,4.6%,3.8%,4.5%,4.9%,4.1%,4.1%
2024-01-04 10:41:15,54.0%,0.0%,0.4%,0.5%,1.3%,1.2%,1.2%,1.1%,1.2%,1.2%,2.6%,0.1%,0.2%,0.4%,0.2%,0.4%,0.3%,0.4%,0.4%,0.0%,0.4%,0.4%,0.3%,50.4%,0.3%,0.2%,0.3%,0.2%,0.3%,0.3%,0.4%,0.3%,0.0%,0.3%,0.2%,0.3%,0.3%,0.4%,0.2%,0.3%,0.4%,0.3%,0.2%,0.5%,0.3%,0.3%,0.2%,0.0%,0.3%,0.2%,0.2%,0.3%,0.4%,0.0%,0.2%,0.3%,0.0%,0.2%,4.4%,3.4%,4.1%,4.6%,3.6%,3.5%
2024-01-04 10:41:20,54.2%,0.0%,0.3%,0.5%,1.3%,1.3%,1.3%,1.2%,1.3%,1.3%,2.6%,0.1%,0.2%,0.4%,0.2%,0.4%,0.3%,0.3%,0.4%,0.0%,0.4%,0.4%,0.3%,58.7%,0.4%,0.2%,0.5%,0.2%,0.3%,0.3%,0.4%,0.3%,0.0%,0.3%,0.2%,0.3%,0.3%,0.4%,0.3%,0.3%,0.4%,0.3%,0.2%,0.5%,0.3%,0.3%,0.2%,0.0%,0.3%,0.2%,0.3%,0.3%,0.4%,0.0%,0.2%,0.3%,0.0%,0.2%,4.9%,4.0%,4.4%,5.0%,4.1%,4.0%
2024-01-04 10:41:25,48.5%,0.0%,0.3%,0.5%,1.2%,1.1%,1.1%,1.0%,1.1%,1.1%,2.3%,0.1%,0.2%,0.3%,0.2%,0.4%,0.3%,0.3%,0.3%,0.0%,0.4%,0.4%,0.2%,55.8%,0.3%,0.2%,0.4%,0.2%,0.3%,0.2%,0.3%,0.2%,0.0%,0.3%,0.2%,0.2%,0.2%,0.4%,0.3%,0.2%,0.3%,0.3%,0.2%,0.5%,0.3%,0.2%,0.2%,0.0%,0.2%,0.2%,0.2%,0.2%,0.3%,0.0%,0.2%,0.3%,0.0%,0.2%,4.2%,3.4%,3.7%,4.4%,3.3%,3.5%
2024-01-04 10:41:30,43.9%,0.0%,0.3%,0.4%,1.1%,1.1%,1.0%,0.9%,1.0%,1.0%,2.2%,0.1%,0.2%,0.3%,0.2%,0.4%,0.3%,0.3%,0.3%,0.0%,0.3%,0.4%,0.2%,55.8%,0.2%,0.2%,0.4%,0.2%,0.3%,0.2%,0.3%,0.2%,0.0%,0.3%,0.2%,0.2%,0.2%,0.4%,0.3%,0.2%,0.3%,0.3%,0.2%,0.4%,0.2%,0.2%,0.2%,0.0%,0.2%,0.2%,0.2%,0.2%,0.3%,0.0%,0.1%,0.3%,0.0%,0.2%,4.0%,3.3%,3.6%,4.0%,3.3%,3.4%
2024-01-04 10:41:35,39.8%,0.0%,0.0%,0.4%,1.0%,0.9%,0.9%,0.8%,0.9%,0.9%,1.8%,0.1%,0.1%,0.3%,0.1%,0.4%,0.3%,0.3%,0.3%,0.0%,0.3%,0.3%,0.2%,55.8%,0.2%,0.2%,0.4%,0.1%,0.2%,0.2%,0.3%,0.2%,0.0%,0.2%,0.2%,0.2%,0.1%,0.3%,0.3%,0.2%,0.3%,0.3%,0.2%,0.4%,0.2%,0.1%,0.1%,0.0%,0.2%,0.1%,0.2%,0.2%,0.3%,0.0%,0.1%,0.3%,0.0%,0.2%,3.4%,2.8%,3.1%,3.4%,2.7%,2.9%
2024-01-04 10:41:40,35.2%,0.0%,0.0%,0.4%,0.9%,0.9%,0.8%,0.8%,0.8%,0.8%,1.3%,0.1%,0.1%,0.3%,0.1%,0.3%,0.3%,0.3%,0.3%,0.0%,0.2%,0.3%,0.2%,55.8%,0.2%,0.1%,0.3%,0.1%,0.2%,0.2%,0.3%,0.1%,0.0%,0.2%,0.2%,0.1%,0.1%,0.2%,0.3%,0.2%,0.3%,0.3%,0.1%,0.4%,0.2%,0.1%,0.1%,0.0%,0.2%,0.1%,0.2%,0.2%,0.3%,0.0%,0.1%,0.3%,0.0%,0.1%,3.1%,2.7%,2.9%,3.3%,2.6%,2.8%
2024-01-04 10:41:45,31.1%,0.0%,0.0%,0.3%,0.8%,0.7%,0.7%,0.6%,0.7%,0.7%,1.1%,0.1%,0.1%,0.3%,0.1%,0.3%,0.1%,0.2%,0.3%,0.0%,0.2%,0.3%,0.2%,53.7%,0.2%,0.1%,0.3%,0.1%,0.2%,0.2%,0.3%,0.1%,0.0%,0.2%,0.1%,0.1%,0.1%,0.1%,0.3%,0.1%,0.1%,0.2%,0.1%,0.4%,0.2%,0.1%,0.1%,0.0%,0.1%,0.1%,0.2%,0.1%,0.3%,0.0%,0.1%,0.2%,0.0%,0.1%,2.5%,2.0%,2.4%,2.7%,2.1%,2.3%
2024-01-04 10:41:50,26.5%,0.0%,0.0%,0.3%,0.7%,0.7%,0.6%,0.6%,0.6%,0.6%,0.9%,0.1%,0.1%,0.3%,0.1%,0.3%,0.1%,0.2%,0.2%,0.0%,0.2%,0.1%,0.2%,46.8%,0.1%,0.1%,0.3%,0.1%,0.2%,0.2%,0.2%,0.1%,0.0%,0.1%,0.1%,0.1%,0.1%,0.1%,0.2%,0.1%,0.1%,0.2%,0.1%,0.2%,0.2%,0.1%,0.1%,0.0%,0.1%,0.1%,0.1%,0.1%,0.2%,0.0%,0.1%,0.2%,0.0%,0.1%,2.4%,1.9%,2.3%,2.5%,2.0%,2.1%
2024-01-04 10:41:55,21.4%,0.0%,0.0%,0.2%,0.5%,0.5%,0.5%,0.5%,0.5%,0.5%,0.8%,0.1%,0.1%,0.3%,0.1%,0.3%,0.1%,0.2%,0.2%,0.0%,0.1%,0.1%,0.1%,38.6%,0.1%,0.1%,0.3%,0.1%,0.1%,0.1%,0.2%,0.1%,0.0%,0.1%,0.1%,0.1%,0.1%,0.1%,0.2%,0.1%,0.1%,0.2%,0.1%,0.1%,0.1%,0.1%,0.1%,0.0%,0.1%,0.1%,0.1%,0.1%,0.2%,0.0%,0.1%,0.1%,0.0%,0.1%,1.9%,1.4%,1.5%,2.0%,1.4%,1.6%
2024-01-04 10:42:00,16.8%,0.0%,0.0%,0.2%,0.5%,0.5%,0.4%,0.4%,0.4%,0.5%,0.6%,0.1%,0.1%,0.2%,0.1%,0.3%,0.1%,0.2%,0.2%,0.0%,0.1%,0.1%,0.1%,30.1%,0.1%,0.1%,0.2%,0.1%,0.1%,0.1%,0.2%,0.1%,0.0%,0.1%,0.1%,0.1%,0.1%,0.1%,0.2%,0.1%,0.1%,0.2%,0.1%,0.1%,0.1%,0.1%,0.0%,0.0%,0.1%,0.1%,0.1%,0.1%,0.1%,0.0%,0.1%,0.1%,0.0%,0.1%,1.8%,1.3%,1.5%,1.8%,1.3%,1.5%
2024-01-04 10:42:05,12.8%,0.0%,0.0%,0.1%,0.3%,0.3%,0.3%,0.3%,0.3%,0.3%,0.4%,0.1%,0.0%,0.2%,0.1%,0.3%,0.0%,0.2%,0.2%,0.0%,0.1%,0.1%,0.0%,21.6%,0.1%,0.0%,0.2%,0.1%,0.1%,0.0%,0.2%,0.1%,0.0%,0.1%,0.0%,0.0%,0.1%,0.1%,0.2%,0.0%,0.0%,0.2%,0.0%,0.0%,0.1%,0.1%,0.0%,0.0%,0.0%,0.0%,0.1%,0.0%,0.1%,0.0%,0.0%,0.0%,0.0%,0.0%,1.2%,1.0%,0.9%,1.3%,0.8%,0.9%
2024-01-04 10:42:10,7.7%,0.0%,0.0%,0.1%,0.2%,0.3%,0.3%,0.2%,0.2%,0.3%,0.3%,0.1%,0.0%,0.0%,0.0%,0.0%,0.0%,,0.0%,0.0%,0.1%,0.0%,0.0%,13.8%,0.1%,0.0%,0.3%,0.0%,0.1%,0.0%,0.0%,0.0%,0.0%,0.0%,0.0%,0.0%,0.0%,0.0%,0.3%,0.0%,0.0%,0.0%,0.0%,0.0%,0.0%,0.0%,0.0%,0.0%,0.0%,0.0%,0.1%,0.0%,0.0%,0.0%,0.0%,0.0%,0.0%,0.0%,0.9%,0.9%,0.9%,1.0%,0.9%,1.0%

